study,Topic,Party,Estimator,Format,category,share,estimate,std.error,conf.low,conf.high,label
2a,Biden skeptical of Anita Hill,Democrat,More-less,Counterfactual,  Diff,-0.1408450704225354,-0.1408450704225354,0.02506579969413116,-0.19014167529619325,-0.09154846554887758,-0.14 (0.03)
2a,Biden skeptical of Anita Hill,Democrat,More-less,Counterfactual, More,0.05070422535211274,NA,0.011660608622896576,NA,NA,NA
2a,Biden skeptical of Anita Hill,Democrat,More-less,Counterfactual, Same,0.7577464788732392,NA,0.02277169621850619,NA,NA,NA
2a,Biden skeptical of Anita Hill,Democrat,More-less,Counterfactual,Less,0.19154929577464816,NA,0.020915363683922602,NA,NA,NA
2a,Biden skeptical of Anita Hill,Democrat,More-less,Change,  Diff,-0.11746987951807217,-0.11746987951807217,0.032826687392834286,-0.18204512083158642,-0.05289463820455792,-0.12 (0.03)
2a,Biden skeptical of Anita Hill,Democrat,More-less,Change, More,0.12650602409638542,NA,0.018271388986048284,NA,NA,NA
2a,Biden skeptical of Anita Hill,Democrat,More-less,Change, Same,0.6295180722891559,NA,0.02654444309200996,NA,NA,NA
2a,Biden skeptical of Anita Hill,Democrat,More-less,Change,Less,0.2439759036144576,NA,0.023606265622635524,NA,NA,NA
2a,Biden skeptical of Anita Hill,Democrat,CATE,Counterfactual,NA,NA,-0.21126760563380312,0.04232772455770232,-0.2945130292063305,-0.12802218206127577,-0.21 (0.04)
2a,Biden skeptical of Anita Hill,Republican,More-less,Counterfactual,  Diff,0.03801169590643275,0.03801169590643275,0.0212184470735215,-0.0037238252167177063,0.0797472170295832,0.04 (0.02)
2a,Biden skeptical of Anita Hill,Republican,More-less,Counterfactual, More,0.09649122807017546,NA,0.01598942749811733,NA,NA,NA
2a,Biden skeptical of Anita Hill,Republican,More-less,Counterfactual, Same,0.8450292397660808,NA,0.019596727815495176,NA,NA,NA
2a,Biden skeptical of Anita Hill,Republican,More-less,Counterfactual,Less,0.05847953216374269,NA,0.012706900760046377,NA,NA,NA
2a,Biden skeptical of Anita Hill,Republican,More-less,Change,  Diff,-0.1436619718309861,-0.1436619718309861,0.028443793886397548,-0.19960203699690252,-0.08772190666506971,-0.14 (0.03)
2a,Biden skeptical of Anita Hill,Republican,More-less,Change, More,0.08169014084507054,NA,0.014557198865028867,NA,NA,NA
2a,Biden skeptical of Anita Hill,Republican,More-less,Change, Same,0.6929577464788732,NA,0.024516068066245855,NA,NA,NA
2a,Biden skeptical of Anita Hill,Republican,More-less,Change,Less,0.22535211267605665,NA,0.022206563517220185,NA,NA,NA
2a,Biden skeptical of Anita Hill,Republican,CATE,Counterfactual,NA,NA,0.0672514619883041,0.035072352908750305,-0.0017339317396075499,0.13623685571621574,0.07 (0.04)
2a,DREAM Act helps economy,Democrat,More-less,Counterfactual,  Diff,0.048022598870056485,0.048022598870056485,0.019636347540764137,0.0094036565366023,0.08664154120351067,0.05 (0.02)
2a,DREAM Act helps economy,Democrat,More-less,Counterfactual, More,0.09322033898305082,NA,0.015474580031365221,NA,NA,NA
2a,DREAM Act helps economy,Democrat,More-less,Counterfactual, Same,0.8615819209039546,NA,0.018380501005434598,NA,NA,NA
2a,DREAM Act helps economy,Democrat,More-less,Counterfactual,Less,0.045197740112994336,NA,0.01105675602647995,NA,NA,NA
2a,DREAM Act helps economy,Democrat,More-less,Change,  Diff,0.4216867469879514,0.4216867469879514,0.03478433948190835,0.35326049705614265,0.4901129969197601,0.42 (0.03)
2a,DREAM Act helps economy,Democrat,More-less,Change, More,0.4999999999999995,NA,0.027482485496465602,NA,NA,NA
2a,DREAM Act helps economy,Democrat,More-less,Change, Same,0.4216867469879514,NA,0.027143294053829585,NA,NA,NA
2a,DREAM Act helps economy,Democrat,More-less,Change,Less,0.07831325301204811,NA,0.014767103086902699,NA,NA,NA
2a,DREAM Act helps economy,Democrat,CATE,Counterfactual,NA,NA,0.05367231638418078,0.026833946902465534,8.978049403401897e-4,0.10644682782802137,0.05 (0.03)
2a,DREAM Act helps economy,Republican,More-less,Counterfactual,  Diff,0.055882352941176536,0.055882352941176536,0.022030029214184888,0.012549583744955468,0.09921512213739761,0.06 (0.02)
2a,DREAM Act helps economy,Republican,More-less,Counterfactual, More,0.11176470588235307,NA,0.01711261988405396,NA,NA,NA
2a,DREAM Act helps economy,Republican,More-less,Counterfactual, Same,0.8323529411764702,NA,0.02028859063621675,NA,NA,NA
2a,DREAM Act helps economy,Republican,More-less,Counterfactual,Less,0.055882352941176536,NA,0.012475287142779179,NA,NA,NA
2a,DREAM Act helps economy,Republican,More-less,Change,  Diff,-0.030985915492957802,-0.030985915492957802,0.037280340448480706,-0.10430470982907045,0.04233287884315484,-0.03 (0.04)
2a,DREAM Act helps economy,Republican,More-less,Change, More,0.23098591549295802,NA,0.022400528541032746,NA,NA,NA
2a,DREAM Act helps economy,Republican,More-less,Change, Same,0.5070422535211274,NA,0.026572064185904784,NA,NA,NA
2a,DREAM Act helps economy,Republican,More-less,Change,Less,0.26197183098591587,NA,0.02337018422284284,NA,NA,NA
2a,DREAM Act helps economy,Republican,CATE,Counterfactual,NA,NA,0.09705882352941188,0.03905408748509123,0.020239962205759285,0.17387768485306448,0.10 (0.04)
2a,Senator opposed Kavanaugh,Democrat,More-less,Counterfactual,  Diff,0.08627450980392144,0.08627450980392144,0.028362211110152732,0.030419459118965035,0.14212956048887784,0.09 (0.03)
2a,Senator opposed Kavanaugh,Democrat,More-less,Counterfactual, More,0.14901960784313703,NA,0.022344190557259218,NA,NA,NA
2a,Senator opposed Kavanaugh,Democrat,More-less,Counterfactual, Same,0.7882352941176451,NA,0.025635268461134952,NA,NA,NA
2a,Senator opposed Kavanaugh,Democrat,More-less,Counterfactual,Less,0.0627450980392156,NA,0.015216049172060205,NA,NA,NA
2a,Senator opposed Kavanaugh,Democrat,More-less,Change,  Diff,0.45147679324894474,0.45147679324894474,0.04488656133457365,0.36304726661396575,0.5399063198839238,0.45 (0.04)
2a,Senator opposed Kavanaugh,Democrat,More-less,Change, More,0.5654008438818562,NA,0.0322675999551014,NA,NA,NA
2a,Senator opposed Kavanaugh,Democrat,More-less,Change, Same,0.3206751054852319,NA,0.030381931949990327,NA,NA,NA
2a,Senator opposed Kavanaugh,Democrat,More-less,Change,Less,0.11392405063291133,NA,0.020681745135884513,NA,NA,NA
2a,Senator opposed Kavanaugh,Democrat,CATE,Counterfactual,NA,NA,0.09411764705882339,0.05208945531594416,-0.008464593638988174,0.19669988775663494,0.09 (0.05)
2a,Senator opposed Kavanaugh,Republican,More-less,Counterfactual,  Diff,-0.01435406698564594,-0.01435406698564594,0.030694384474888967,-0.07486604036138761,0.046157906390095725,-0.01 (0.03)
2a,Senator opposed Kavanaugh,Republican,More-less,Counterfactual, More,0.09090909090909094,NA,0.01993313680243249,NA,NA,NA
2a,Senator opposed Kavanaugh,Republican,More-less,Counterfactual, Same,0.8038277511961731,NA,0.027533956099266437,NA,NA,NA
2a,Senator opposed Kavanaugh,Republican,More-less,Counterfactual,Less,0.10526315789473689,NA,0.021279145791122108,NA,NA,NA
2a,Senator opposed Kavanaugh,Republican,More-less,Change,  Diff,-0.49777777777777776,-0.49777777777777776,0.04459893783188028,-0.5856649335228039,-0.4098906220327516,-0.50 (0.04)
2a,Senator opposed Kavanaugh,Republican,More-less,Change, More,0.09777777777777777,NA,0.019845078999435273,NA,NA,NA
2a,Senator opposed Kavanaugh,Republican,More-less,Change, Same,0.30666666666666664,NA,0.03080919260880345,NA,NA,NA
2a,Senator opposed Kavanaugh,Republican,More-less,Change,Less,0.5955555555555556,NA,0.03279189902971935,NA,NA,NA
2a,Senator opposed Kavanaugh,Republican,CATE,Counterfactual,NA,NA,0.01913875598086125,0.0538205941342586,-0.08696502863756726,0.12524254059928977,0.02 (0.05)
2a,Senator supported Kavanaugh,Democrat,More-less,Counterfactual,  Diff,-0.029126213592233025,-0.029126213592233025,0.04869574510177331,-0.12571399311378695,0.06746156592932089,-0.03 (0.05)
2a,Senator supported Kavanaugh,Democrat,More-less,Counterfactual, More,0.10679611650485443,NA,0.030581088928331356,NA,NA,NA
2a,Senator supported Kavanaugh,Democrat,More-less,Counterfactual, Same,0.7572815533980589,NA,0.042450224863844976,NA,NA,NA
2a,Senator supported Kavanaugh,Democrat,More-less,Counterfactual,Less,0.13592233009708743,NA,0.0339329572976101,NA,NA,NA
2a,Senator supported Kavanaugh,Democrat,More-less,Change,  Diff,-0.6842105263157893,-0.6842105263157893,0.05450203751132786,-0.7924255994240237,-0.5759954532075549,-0.68 (0.05)
2a,Senator supported Kavanaugh,Democrat,More-less,Change, More,0.031578947368421054,NA,0.018037112288197883,NA,NA,NA
2a,Senator supported Kavanaugh,Democrat,More-less,Change, Same,0.25263157894736843,NA,0.04481746243373485,NA,NA,NA
2a,Senator supported Kavanaugh,Democrat,More-less,Change,Less,0.7157894736842103,NA,0.046520974798961945,NA,NA,NA
2a,Senator supported Kavanaugh,Democrat,CATE,Counterfactual,NA,NA,-0.029126213592233014,0.08990160100912412,-0.20744561293104247,0.14919318574657642,-0.03 (0.09)
2a,Senator supported Kavanaugh,Republican,More-less,Counterfactual,  Diff,-0.02272727272727274,-0.02272727272727274,0.03946482883093792,-0.10079811806476388,0.05534357261021841,-0.02 (0.04)
2a,Senator supported Kavanaugh,Republican,More-less,Counterfactual, More,0.09090909090909095,NA,0.02511722563616082,NA,NA,NA
2a,Senator supported Kavanaugh,Republican,More-less,Counterfactual, Same,0.7954545454545459,NA,0.03524251981380335,NA,NA,NA
2a,Senator supported Kavanaugh,Republican,More-less,Counterfactual,Less,0.1136363636363637,NA,0.02772866630552146,NA,NA,NA
2a,Senator supported Kavanaugh,Republican,More-less,Change,  Diff,0.40769230769230785,0.40769230769230785,0.05951118097834683,0.2899479786097949,0.5254366367748208,0.41 (0.06)
2a,Senator supported Kavanaugh,Republican,More-less,Change, More,0.5153846153846154,NA,0.04400170130691367,NA,NA,NA
2a,Senator supported Kavanaugh,Republican,More-less,Change, Same,0.376923076923077,NA,0.04266800546039562,NA,NA,NA
2a,Senator supported Kavanaugh,Republican,More-less,Change,Less,0.10769230769230773,NA,0.02729322182887358,NA,NA,NA
2a,Senator supported Kavanaugh,Republican,CATE,Counterfactual,NA,NA,-0.037878787878787894,0.07404672380533693,-0.18436087061425216,0.10860329485667636,-0.04 (0.07)
