panel,study,Topic,Party,Estimator,Format,category,share,estimate,std.error,conf.low,conf.high,label
(a) No pretreatment,2b,Obama torture exec. order,Democrat,More-less,Counterfactual,  Diff,0.1076923076923076,0.1076923076923076,0.02850512127026198,0.05147258249865352,0.16391203288596168,0.11 (0.03)
(a) No pretreatment,2b,Obama torture exec. order,Democrat,More-less,Counterfactual, More,0.13846153846153836,NA,0.02479710874695392,NA,NA,NA
(a) No pretreatment,2b,Obama torture exec. order,Democrat,More-less,Counterfactual, Same,0.8307692307692303,NA,0.026920244554764078,NA,NA,NA
(a) No pretreatment,2b,Obama torture exec. order,Democrat,More-less,Counterfactual,Less,0.030769230769230754,NA,0.012398554373476962,NA,NA,NA
(a) No pretreatment,2b,Obama torture exec. order,Democrat,More-less,Simultaneous,  Diff,0.03225806451612905,0.03225806451612905,0.025439962571557433,-0.018098781545337048,0.08261491057759515,0.03 (0.03)
(a) No pretreatment,2b,Obama torture exec. order,Democrat,More-less,Simultaneous, More,0.05645161290322583,NA,0.0208097905944329,NA,NA,NA
(a) No pretreatment,2b,Obama torture exec. order,Democrat,More-less,Simultaneous, Same,0.919354838709678,NA,0.024551508696506574,NA,NA,NA
(a) No pretreatment,2b,Obama torture exec. order,Democrat,More-less,Simultaneous,Less,0.024193548387096784,NA,0.013854124038505385,NA,NA,NA
(a) No pretreatment,2b,Obama torture exec. order,Democrat,More-less,Change,  Diff,0.4580152671755723,0.4580152671755723,0.05760898628351776,0.3440427775345952,0.5719877568165493,0.46 (0.06)
(a) No pretreatment,2b,Obama torture exec. order,Democrat,More-less,Change, More,0.5496183206106867,NA,0.043636436985247766,NA,NA,NA
(a) No pretreatment,2b,Obama torture exec. order,Democrat,More-less,Change, Same,0.3587786259541984,NA,0.04206739313864906,NA,NA,NA
(a) No pretreatment,2b,Obama torture exec. order,Democrat,More-less,Change,Less,0.09160305343511448,NA,0.025300035578642962,NA,NA,NA
(a) No pretreatment,2b,Obama torture exec. order,Democrat,CATE,Diff. in means,NA,NA,0.2550031598904571,0.0613227594209045,0.13405433903740505,0.3759519807435091,0.26 (0.06)
(a) No pretreatment,2b,Obama torture exec. order,Democrat,CATE,Counterfactual,NA,NA,0.1076923076923076,0.02850512127026198,0.05147258249865352,0.16391203288596168,0.11 (0.03)
(a) No pretreatment,2b,Obama torture exec. order,Democrat,CATE,Simultaneous,NA,NA,0.03225806451612905,0.025439962571557437,-0.01809878154533706,0.08261491057759517,0.03 (0.03)
(a) No pretreatment,2b,Obama torture exec. order,Republican,More-less,Counterfactual,  Diff,0.02392344497607656,0.02392344497607656,0.027501958463704658,-0.030294869116454837,0.07814175906860796,0.02 (0.03)
(a) No pretreatment,2b,Obama torture exec. order,Republican,More-less,Counterfactual, More,0.09090909090909094,NA,0.01993313680243249,NA,NA,NA
(a) No pretreatment,2b,Obama torture exec. order,Republican,More-less,Counterfactual, Same,0.8421052631578958,NA,0.02528339270606639,NA,NA,NA
(a) No pretreatment,2b,Obama torture exec. order,Republican,More-less,Counterfactual,Less,0.06698564593301438,NA,0.017334182710752925,NA,NA,NA
(a) No pretreatment,2b,Obama torture exec. order,Republican,More-less,Simultaneous,  Diff,-0.0707070707070707,-0.0707070707070707,0.043673148486065086,-0.15737501251358324,0.01596087109944183,-0.07 (0.04)
(a) No pretreatment,2b,Obama torture exec. order,Republican,More-less,Simultaneous, More,0.06060606060606059,NA,0.024102876029567184,NA,NA,NA
(a) No pretreatment,2b,Obama torture exec. order,Republican,More-less,Simultaneous, Same,0.808080808080808,NA,0.03978080447933686,NA,NA,NA
(a) No pretreatment,2b,Obama torture exec. order,Republican,More-less,Simultaneous,Less,0.1313131313131313,NA,0.034117144062155505,NA,NA,NA
(a) No pretreatment,2b,Obama torture exec. order,Republican,More-less,Change,  Diff,-0.09259259259259257,-0.09259259259259257,0.07387911345915059,-0.2390493185173358,0.053864133332150635,-0.09 (0.07)
(a) No pretreatment,2b,Obama torture exec. order,Republican,More-less,Change, More,0.24999999999999994,NA,0.041860917913946055,NA,NA,NA
(a) No pretreatment,2b,Obama torture exec. order,Republican,More-less,Change, Same,0.4074074074074073,NA,0.047500773411999826,NA,NA,NA
(a) No pretreatment,2b,Obama torture exec. order,Republican,More-less,Change,Less,0.3425925925925925,NA,0.04587904741301812,NA,NA,NA
(a) No pretreatment,2b,Obama torture exec. order,Republican,CATE,Diff. in means,NA,NA,0.03045871559633024,0.0693718394082368,-0.10630719926317214,0.1672246304558326,0.03 (0.07)
(a) No pretreatment,2b,Obama torture exec. order,Republican,CATE,Counterfactual,NA,NA,0.02392344497607656,0.02750195846370466,-0.03029486911645485,0.07814175906860797,0.02 (0.03)
(a) No pretreatment,2b,Obama torture exec. order,Republican,CATE,Simultaneous,NA,NA,-0.0707070707070707,0.043673148486065086,-0.15737501251358324,0.01596087109944183,-0.07 (0.04)
(a) No pretreatment,2b,Trump coal ash exec. order,Democrat,More-less,Counterfactual,  Diff,-0.082051282051282,-0.082051282051282,0.02848133329877305,-0.13822409100110247,-0.025878473101461526,-0.08 (0.03)
(a) No pretreatment,2b,Trump coal ash exec. order,Democrat,More-less,Counterfactual, More,0.041025641025641,NA,0.014240666649386523,NA,NA,NA
(a) No pretreatment,2b,Trump coal ash exec. order,Democrat,More-less,Counterfactual, Same,0.8358974358974353,NA,0.026590917036710782,NA,NA,NA
(a) No pretreatment,2b,Trump coal ash exec. order,Democrat,More-less,Counterfactual,Less,0.12307692307692301,NA,0.023586755203833517,NA,NA,NA
(a) No pretreatment,2b,Trump coal ash exec. order,Democrat,More-less,Simultaneous,  Diff,-0.016129032258064523,-0.016129032258064523,0.02556436410838703,-0.06673212353401618,0.03447405901788714,-0.02 (0.03)
(a) No pretreatment,2b,Trump coal ash exec. order,Democrat,More-less,Simultaneous, More,0.032258064516129045,NA,0.015931122526606296,NA,NA,NA
(a) No pretreatment,2b,Trump coal ash exec. order,Democrat,More-less,Simultaneous, Same,0.919354838709678,NA,0.024551508696506574,NA,NA,NA
(a) No pretreatment,2b,Trump coal ash exec. order,Democrat,More-less,Simultaneous,Less,0.04838709677419357,NA,0.0193482810816018,NA,NA,NA
(a) No pretreatment,2b,Trump coal ash exec. order,Democrat,More-less,Change,  Diff,-0.03816793893129771,-0.03816793893129771,0.07302263595243044,-0.18263449105367646,0.10629861319108103,-0.04 (0.07)
(a) No pretreatment,2b,Trump coal ash exec. order,Democrat,More-less,Change, More,0.3282442748091603,NA,0.041184385658063004,NA,NA,NA
(a) No pretreatment,2b,Trump coal ash exec. order,Democrat,More-less,Change, Same,0.3053435114503816,NA,0.04039314978724563,NA,NA,NA
(a) No pretreatment,2b,Trump coal ash exec. order,Democrat,More-less,Change,Less,0.3664122137404579,NA,0.042258754519696386,NA,NA,NA
(a) No pretreatment,2b,Trump coal ash exec. order,Democrat,CATE,Diff. in means,NA,NA,-0.2939090529828951,0.0600981628074444,-0.4124387082558528,-0.1753793977099374,-0.29 (0.06)
(a) No pretreatment,2b,Trump coal ash exec. order,Democrat,CATE,Counterfactual,NA,NA,-0.082051282051282,0.028481333298773046,-0.13822409100110244,-0.025878473101461533,-0.08 (0.03)
(a) No pretreatment,2b,Trump coal ash exec. order,Democrat,CATE,Simultaneous,NA,NA,-0.016129032258064523,0.025564364108387035,-0.0667321235340162,0.03447405901788715,-0.02 (0.03)
(a) No pretreatment,2b,Trump coal ash exec. order,Republican,More-less,Counterfactual,  Diff,-0,-0,0.030934411244487273,-0.06098346298244758,0.06098346298244758,0.00 (0.03)
(a) No pretreatment,2b,Trump coal ash exec. order,Republican,More-less,Counterfactual, More,0.09999999999999991,NA,0.020751433915982224,NA,NA,NA
(a) No pretreatment,2b,Trump coal ash exec. order,Republican,More-less,Counterfactual, Same,0.7999999999999989,NA,0.027668578554642973,NA,NA,NA
(a) No pretreatment,2b,Trump coal ash exec. order,Republican,More-less,Counterfactual,Less,0.0999999999999999,NA,0.020751433915982224,NA,NA,NA
(a) No pretreatment,2b,Trump coal ash exec. order,Republican,More-less,Simultaneous,  Diff,0.040404040404040394,0.040404040404040394,0.040404040404040394,-0.0397764628084235,0.12058454361650428,0.04 (0.04)
(a) No pretreatment,2b,Trump coal ash exec. order,Republican,More-less,Simultaneous, More,0.10101010101010097,NA,0.0304401487874877,NA,NA,NA
(a) No pretreatment,2b,Trump coal ash exec. order,Republican,More-less,Simultaneous, Same,0.8383838383838382,NA,0.0371835461088748,NA,NA,NA
(a) No pretreatment,2b,Trump coal ash exec. order,Republican,More-less,Simultaneous,Less,0.06060606060606059,NA,0.02410287602956718,NA,NA,NA
(a) No pretreatment,2b,Trump coal ash exec. order,Republican,More-less,Change,  Diff,0.15740740740740733,0.15740740740740733,0.06599091192272388,0.026588121029070766,0.2882266937857439,0.16 (0.07)
(a) No pretreatment,2b,Trump coal ash exec. order,Republican,More-less,Change, More,0.32407407407407396,NA,0.045245960070300524,NA,NA,NA
(a) No pretreatment,2b,Trump coal ash exec. order,Republican,More-less,Change, Same,0.5092592592592592,NA,0.04832853553437051,NA,NA,NA
(a) No pretreatment,2b,Trump coal ash exec. order,Republican,More-less,Change,Less,0.1666666666666666,NA,0.036028141763926394,NA,NA,NA
(a) No pretreatment,2b,Trump coal ash exec. order,Republican,CATE,Diff. in means,NA,NA,0.06181818181818214,0.0660561934696331,-0.06840728739777086,0.19204365103413512,0.06 (0.07)
(a) No pretreatment,2b,Trump coal ash exec. order,Republican,CATE,Counterfactual,NA,NA,-0,0.030934411244487273,-0.06098346298244758,0.06098346298244758,0.00 (0.03)
(a) No pretreatment,2b,Trump coal ash exec. order,Republican,CATE,Simultaneous,NA,NA,0.040404040404040394,0.040404040404040394,-0.0397764628084235,0.12058454361650428,0.04 (0.04)
(b) Possible pretreatment,2b,Biden skeptical of Anita Hill,Democrat,More-less,Counterfactual,  Diff,-0.01960784313725492,-0.01960784313725492,0.034073681273892265,-0.08720086106510286,0.04798517479059303,-0.02 (0.03)
(b) Possible pretreatment,2b,Biden skeptical of Anita Hill,Democrat,More-less,Counterfactual, More,0.04901960784313729,NA,0.02148374607571882,NA,NA,NA
(b) Possible pretreatment,2b,Biden skeptical of Anita Hill,Democrat,More-less,Counterfactual, Same,0.8823529411764709,NA,0.03205907733144529,NA,NA,NA
(b) Possible pretreatment,2b,Biden skeptical of Anita Hill,Democrat,More-less,Counterfactual,Less,0.0686274509803922,NA,0.02515648528716261,NA,NA,NA
(b) Possible pretreatment,2b,Biden skeptical of Anita Hill,Democrat,More-less,Simultaneous,  Diff,0.1290322580645162,0.1290322580645162,0.045758665691881514,0.03845578501575493,0.2196087311132775,0.13 (0.05)
(b) Possible pretreatment,2b,Biden skeptical of Anita Hill,Democrat,More-less,Simultaneous, More,0.20161290322580658,NA,0.03617540156913755,NA,NA,NA
(b) Possible pretreatment,2b,Biden skeptical of Anita Hill,Democrat,More-less,Simultaneous, Same,0.7258064516129036,NA,0.04022411265777788,NA,NA,NA
(b) Possible pretreatment,2b,Biden skeptical of Anita Hill,Democrat,More-less,Simultaneous,Less,0.07258064516129037,NA,0.023393539360582707,NA,NA,NA
(b) Possible pretreatment,2b,Biden skeptical of Anita Hill,Democrat,More-less,Change,  Diff,-0.08333333333333338,-0.08333333333333338,0.04439646766664383,-0.17116013667718316,0.004493470010516379,-0.08 (0.04)
(b) Possible pretreatment,2b,Biden skeptical of Anita Hill,Democrat,More-less,Change, More,0.09090909090909095,NA,0.025117225636160825,NA,NA,NA
(b) Possible pretreatment,2b,Biden skeptical of Anita Hill,Democrat,More-less,Change, Same,0.7348484848484854,NA,0.03856650735812566,NA,NA,NA
(b) Possible pretreatment,2b,Biden skeptical of Anita Hill,Democrat,More-less,Change,Less,0.1742424242424243,NA,0.0331411510343567,NA,NA,NA
(b) Possible pretreatment,2b,Biden skeptical of Anita Hill,Democrat,CATE,Counterfactual,NA,NA,-0.01960784313725492,0.03407368127389226,-0.08720086106510284,0.04798517479059301,-0.02 (0.03)
(b) Possible pretreatment,2b,Biden skeptical of Anita Hill,Democrat,CATE,Simultaneous,NA,NA,0.1290322580645162,0.04575866569188153,0.03845578501575489,0.21960873111327753,0.13 (0.05)
(b) Possible pretreatment,2b,Biden skeptical of Anita Hill,Republican,More-less,Counterfactual,  Diff,0.030303030303030293,0.030303030303030293,0.030303030303030293,-0.02983234710631762,0.09043840771237821,0.03 (0.03)
(b) Possible pretreatment,2b,Biden skeptical of Anita Hill,Republican,More-less,Counterfactual, More,0.06060606060606059,NA,0.02410287602956718,NA,NA,NA
(b) Possible pretreatment,2b,Biden skeptical of Anita Hill,Republican,More-less,Counterfactual, Same,0.9090909090909091,NA,0.029039843863633622,NA,NA,NA
(b) Possible pretreatment,2b,Biden skeptical of Anita Hill,Republican,More-less,Counterfactual,Less,0.030303030303030293,NA,0.017316017316017306,NA,NA,NA
(b) Possible pretreatment,2b,Biden skeptical of Anita Hill,Republican,More-less,Simultaneous,  Diff,0.07070707070707069,0.07070707070707069,0.043673148486065086,-0.015960871099441845,0.1573750125135832,0.07 (0.04)
(b) Possible pretreatment,2b,Biden skeptical of Anita Hill,Republican,More-less,Simultaneous, More,0.13131313131313127,NA,0.034117144062155505,NA,NA,NA
(b) Possible pretreatment,2b,Biden skeptical of Anita Hill,Republican,More-less,Simultaneous, Same,0.808080808080808,NA,0.03978080447933685,NA,NA,NA
(b) Possible pretreatment,2b,Biden skeptical of Anita Hill,Republican,More-less,Simultaneous,Less,0.0606060606060606,NA,0.02410287602956718,NA,NA,NA
(b) Possible pretreatment,2b,Biden skeptical of Anita Hill,Republican,More-less,Change,  Diff,-0.13888888888888887,-0.13888888888888887,0.05652069240257544,-0.25093456957856997,-0.026843208199207783,-0.14 (0.06)
(b) Possible pretreatment,2b,Biden skeptical of Anita Hill,Republican,More-less,Change, More,0.11111111111111109,NA,0.030381596756651693,NA,NA,NA
(b) Possible pretreatment,2b,Biden skeptical of Anita Hill,Republican,More-less,Change, Same,0.6388888888888887,NA,0.04643454608906268,NA,NA,NA
(b) Possible pretreatment,2b,Biden skeptical of Anita Hill,Republican,More-less,Change,Less,0.24999999999999994,NA,0.041860917913946055,NA,NA,NA
(b) Possible pretreatment,2b,Biden skeptical of Anita Hill,Republican,CATE,Counterfactual,NA,NA,0.030303030303030293,0.030303030303030293,-0.02983234710631762,0.09043840771237821,0.03 (0.03)
(b) Possible pretreatment,2b,Biden skeptical of Anita Hill,Republican,CATE,Simultaneous,NA,NA,0.07070707070707069,0.043673148486065086,-0.015960871099441845,0.1573750125135832,0.07 (0.04)
(b) Possible pretreatment,2b,DREAM Act helps economy,Democrat,More-less,Counterfactual,  Diff,-0.01999999999999999,-0.01999999999999999,0.03171845844395034,-0.08293630292267558,0.0429363029226756,-0.02 (0.03)
(b) Possible pretreatment,2b,DREAM Act helps economy,Democrat,More-less,Counterfactual, More,0.03999999999999998,NA,0.019694638556693234,NA,NA,NA
(b) Possible pretreatment,2b,DREAM Act helps economy,Democrat,More-less,Counterfactual, Same,0.8999999999999995,NA,0.03015113445777636,NA,NA,NA
(b) Possible pretreatment,2b,DREAM Act helps economy,Democrat,More-less,Counterfactual,Less,0.05999999999999998,NA,0.023868325657594197,NA,NA,NA
(b) Possible pretreatment,2b,DREAM Act helps economy,Democrat,More-less,Simultaneous,  Diff,0.09677419354838714,0.09677419354838714,0.035144889189292955,0.02720704030378379,0.16634134679299048,0.10 (0.04)
(b) Possible pretreatment,2b,DREAM Act helps economy,Democrat,More-less,Simultaneous, More,0.12903225806451618,NA,0.03022717972037537,NA,NA,NA
(b) Possible pretreatment,2b,DREAM Act helps economy,Democrat,More-less,Simultaneous, Same,0.8387096774193553,NA,0.033163276096965316,NA,NA,NA
(b) Possible pretreatment,2b,DREAM Act helps economy,Democrat,More-less,Simultaneous,Less,0.032258064516129045,NA,0.015931122526606292,NA,NA,NA
(b) Possible pretreatment,2b,DREAM Act helps economy,Democrat,More-less,Change,  Diff,0.48091603053435106,0.48091603053435106,0.05347704084569567,0.37511810078393737,0.5867139602847647,0.48 (0.05)
(b) Possible pretreatment,2b,DREAM Act helps economy,Democrat,More-less,Change, More,0.5419847328244272,NA,0.04369802690578755,NA,NA,NA
(b) Possible pretreatment,2b,DREAM Act helps economy,Democrat,More-less,Change, Same,0.3969465648854961,NA,0.04291135671009219,NA,NA,NA
(b) Possible pretreatment,2b,DREAM Act helps economy,Democrat,More-less,Change,Less,0.06106870229007632,NA,0.021001706137777385,NA,NA,NA
(b) Possible pretreatment,2b,DREAM Act helps economy,Democrat,CATE,Counterfactual,NA,NA,-0.01999999999999999,0.03171845844395034,-0.08293630292267559,0.04293630292267561,-0.02 (0.03)
(b) Possible pretreatment,2b,DREAM Act helps economy,Democrat,CATE,Simultaneous,NA,NA,0.09677419354838714,0.035144889189292955,0.027207040303783778,0.1663413467929905,0.10 (0.04)
(b) Possible pretreatment,2b,DREAM Act helps economy,Republican,More-less,Counterfactual,  Diff,-0,-0,0.0317820863081864,-0.06306255440948602,0.06306255440948602,0.00 (0.03)
(b) Possible pretreatment,2b,DREAM Act helps economy,Republican,More-less,Counterfactual, More,0.04999999999999998,NA,0.021904291355759026,NA,NA,NA
(b) Possible pretreatment,2b,DREAM Act helps economy,Republican,More-less,Counterfactual, Same,0.8999999999999995,NA,0.03015113445777635,NA,NA,NA
(b) Possible pretreatment,2b,DREAM Act helps economy,Republican,More-less,Counterfactual,Less,0.04999999999999998,NA,0.021904291355759022,NA,NA,NA
(b) Possible pretreatment,2b,DREAM Act helps economy,Republican,More-less,Simultaneous,  Diff,-0.010101010101010097,-0.010101010101010097,0.039306893136727944,-0.0881042602686895,0.06790224006666931,-0.01 (0.04)
(b) Possible pretreatment,2b,DREAM Act helps economy,Republican,More-less,Simultaneous, More,0.07070707070707068,NA,0.02589373512976386,NA,NA,NA
(b) Possible pretreatment,2b,DREAM Act helps economy,Republican,More-less,Simultaneous, Same,0.8484848484848483,NA,0.036219048767708886,NA,NA,NA
(b) Possible pretreatment,2b,DREAM Act helps economy,Republican,More-less,Simultaneous,Less,0.08080808080808077,NA,0.027530712883605923,NA,NA,NA
(b) Possible pretreatment,2b,DREAM Act helps economy,Republican,More-less,Change,  Diff,-0.046296296296296294,-0.046296296296296294,0.07714203078980411,-0.1992213752755851,0.10662878268299252,-0.05 (0.08)
(b) Possible pretreatment,2b,DREAM Act helps economy,Republican,More-less,Change, More,0.29629629629629617,NA,0.044143436668549266,NA,NA,NA
(b) Possible pretreatment,2b,DREAM Act helps economy,Republican,More-less,Change, Same,0.361111111111111,NA,0.04643454608906269,NA,NA,NA
(b) Possible pretreatment,2b,DREAM Act helps economy,Republican,More-less,Change,Less,0.3425925925925925,NA,0.04587904741301812,NA,NA,NA
(b) Possible pretreatment,2b,DREAM Act helps economy,Republican,CATE,Counterfactual,NA,NA,-0,0.0317820863081864,-0.06306255440948604,0.06306255440948604,0.00 (0.03)
(b) Possible pretreatment,2b,DREAM Act helps economy,Republican,CATE,Simultaneous,NA,NA,-0.010101010101010097,0.039306893136727944,-0.0881042602686895,0.06790224006666931,-0.01 (0.04)
