topic,Topic,Party,estimate,std.error,conf.low,conf.high,p.value,df
"Blocked
whistleblower","Blocked
whistleblow",All,-0.10082150858849899,0.06889722242696114,-0.2366595894501894,0.035016572273191424,0.14490034424844028,204.98067723478067
"Blocked
whistleblower","Blocked
whistleblow",Democrat,-0.0488105004101723,0.09678488061900863,-0.24095148724974316,0.14333048642939858,0.6152039839260025,95.04965021053675
"Blocked
whistleblower","Blocked
whistleblow",Independent,-0.05714285714285725,0.20247035301837826,-0.4801194591958667,0.36583374491015214,0.7807353733807139,19.54524361948957
"Blocked
whistleblower","Blocked
whistleblow",Republican,-0.17481311098332383,0.10911844905280864,-0.39207623958934057,0.042450017622692876,0.11321658158841483,77.43466447534094
Death penalty,"Death
penalty",All,-0.023199378761405695,0.06747566666238491,-0.15625044060991167,0.10985168308710026,0.7313422562973664,200.98029652750694
Death penalty,"Death
penalty",Democrat,-0.15341880341880354,0.09749671444917826,-0.34702766293119763,0.040190056093590554,0.118980364057469,93.01067822593436
Death penalty,"Death
penalty",Independent,0.3333333333333332,0.2010075630518424,-0.08695286506760602,0.7536195317342724,0.11342743387380336,19.289855072463777
Death penalty,"Death
penalty",Republican,0.03737780333525006,0.10538577558245445,-0.1724532885870217,0.24720889525752182,0.7237964729615722,77.43466447534094
"Disputed
accusation","Disputed
accusation",All,-0.11650485436893197,0.06742877049980785,-0.24945152399005371,0.016441815252189754,0.08553363489123668,203.99999999999972
"Disputed
accusation","Disputed
accusation",Democrat,-0.23461853978671054,0.08349590076263218,-0.4003777437758527,-0.06885933579756837,0.006016384219640302,95.04965021053675
"Disputed
accusation","Disputed
accusation",Independent,0.06153846153846149,0.2176619531251714,-0.3932250367337551,0.5163019598106781,0.7803651430261795,19.512295081967213
"Disputed
accusation","Disputed
accusation",Republican,0.03565267395054622,0.11059054403430035,-0.1845415076905931,0.2558468555916855,0.7480302502275231,77.43466447534094
Endorsed Trump,"Endorsed
Trump",All,-0.04172890216579539,0.06504399465831302,-0.16996994142292746,0.08651213709133668,0.52188285338633,204.98067723478067
Endorsed Trump,"Endorsed
Trump",Democrat,-0.06644790812141102,0.07902736148118077,-0.22333599978620908,0.09044018354338704,0.402558184014015,95.04965021053675
Endorsed Trump,"Endorsed
Trump",Independent,0.31428571428571417,0.20582821428031978,-0.11570572586861733,0.7442771544400457,0.1427989369198765,19.54524361948957
Endorsed Trump,"Endorsed
Trump",Republican,-0.09545715928694656,0.10818470462768462,-0.3108611317476748,0.11994681317378172,0.3803165654620698,77.43466447534094
Immigration,"Immigrant
population",All,-0.07299553484760238,0.06917199099018194,-0.20939147291914928,0.06340040322394452,0.2925660577781277,200.98029652750694
Immigration,"Immigrant
population",Democrat,-0.11495726495726513,0.09689987919459692,-0.30738092973146613,0.07746639981693584,0.23850531985623274,93.01067822593436
Immigration,"Immigrant
population",Independent,0.14999999999999994,0.20907443940405826,-0.2871532094903122,0.587153209490312,0.48169639671804965,19.289855072463777
Immigration,"Immigrant
population",Republican,-0.12075905692926976,0.11041242581940582,-0.3405985916617917,0.09908047780325215,0.27747333576498506,77.43466447534094
"Mueller
comments","Mueller
comments",All,-0.10476488048742405,0.032141781172890946,-0.16784328220977462,-0.041686478765073476,0.0011565338300837933,934.8331188055882
"Mueller
comments","Mueller
comments",Democrat,-0.13359375000000012,0.04557311817561328,-0.2231762417518488,-0.04401125824815143,0.0035605001883787044,415.69395732541574
"Mueller
comments","Mueller
comments",Independent,-0.1266238114369896,0.06482563789519777,-0.25435902139196487,0.0011113985179856678,0.05200984332890148,227.57614109326738
"Mueller
comments","Mueller
comments",Republican,-0.046212121212121496,0.058390813035154365,-0.1611393585275617,0.06871511610331871,0.4293461353703082,287.77137695779453
Pooled,Pooled,All,-0.09927086770759148,0.024430868193324823,-0.14726776480897918,-0.05127397060620379,5.595946781841081e-5,512.8331455067074
Pooled,Pooled,Democrat,-0.13458773122560638,0.03188971787439481,-0.197412868023142,-0.07176259442807076,3.481331395495713e-5,235.81017761191112
Pooled,Pooled,Independent,-0.022329458214520592,0.061776959455029645,-0.1448493157892417,0.10019039936020051,0.7185012476136787,103.0121031660329
Pooled,Pooled,Republican,-0.07945455414621716,0.042790795547757506,-0.16392063777328575,0.005011529480851429,0.06505742391937408,171.0342738533681
"Supports
charters","Supports
charters",All,-0.09111277072442125,0.06887039134203125,-0.226897951295564,0.044672409846721495,0.18732261658989444,204.98067723478067
"Supports
charters","Supports
charters",Democrat,-0.0762920426579164,0.09941647394354762,-0.27365736758731535,0.12107328227148252,0.4447467854110281,95.04965021053675
"Supports
charters","Supports
charters",Independent,-0.05714285714285725,0.20247035301837826,-0.4801194591958667,0.36583374491015214,0.7807353733807139,19.54524361948957
"Supports
charters","Supports
charters",Republican,-0.1437607820586544,0.10723715885775269,-0.3572781188472318,0.06975655472992301,0.18397427412771922,77.43466447534094
Tax cuts,"Tax Cuts &
Jobs Act",All,-0.24189477771306528,0.06803235185518482,-0.3760435323993162,-0.10774602302681435,4.7022544984177224e-4,200.98029652750694
Tax cuts,"Tax Cuts &
Jobs Act",Democrat,-0.2700854700854703,0.09859589680841464,-0.46587708461858696,-0.07429385555235363,0.007379959521667555,93.01067822593436
Tax cuts,"Tax Cuts &
Jobs Act",Independent,0.09999999999999992,0.2222474733128352,-0.36469667232757175,0.5646966723275716,0.6577628780996343,19.289855072463777
Tax cuts,"Tax Cuts &
Jobs Act",Republican,-0.29844738355376654,0.10506473929488487,-0.5076392678183151,-0.08925549928921792,0.005750959106182885,77.43466447534094
"Undisputed
accusation","Undisputed
accusation",All,-0.08043023034456488,0.060049741993248223,-0.1988315067285106,0.03797104603938084,0.18194041393185065,202.98048873798507
"Undisputed
accusation","Undisputed
accusation",Democrat,-0.11907756813417186,0.0859067949256088,-0.28966086615414266,0.05150572988579891,0.1690076551709262,93.43937950741594
"Undisputed
accusation","Undisputed
accusation",Independent,0.10769230769230768,0.18849206102040109,-0.28612621610308847,0.5015108314877038,0.5742945887606639,19.512295081967213
"Undisputed
accusation","Undisputed
accusation",Republican,-0.08165612420931578,0.09619785707010114,-0.2731933717936338,0.10988112337500222,0.3985895378604698,77.43466447534094
