topic,Topic,Party,format,level_question_first,estimate,std.error,conf.low,conf.high
"Blocked
whistleblower","Blocked
whistleblower",Democrat,Change,No,-0.2264150943396228,0.10989343510122469,-0.4469324047827493,-0.005897783896496339
"Blocked
whistleblower","Blocked
whistleblower",Democrat,Change + level,Yes,-0.3695652173913045,0.10475965431015194,-0.5805619921553675,-0.15856844262724148
"Blocked
whistleblower","Blocked
whistleblower",Republican,Change,No,-0.5675675675675677,0.09120926455548012,-0.7525485298463758,-0.38258660528875954
"Blocked
whistleblower","Blocked
whistleblower",Republican,Change + level,Yes,-0.3191489361702128,0.08659657428455231,-0.49345879942908755,-0.14483907291133805
Death penalty,"Death
penalty",Democrat,Change,No,-0.25000000000000017,0.0862972169487059,-0.4232488921696468,-0.07675110783035355
Death penalty,"Death
penalty",Democrat,Change + level,Yes,-0.11111111111111113,0.07927845200140841,-0.27088633262684597,0.048664110404623706
Death penalty,"Death
penalty",Republican,Change,No,0.1621621621621622,0.09098653097623494,-0.022367075480761833,0.34669139980508623
Death penalty,"Death
penalty",Republican,Change + level,Yes,0.19148936170212771,0.0840592379133655,0.022286891657793073,0.36069183174646235
"Disputed
accusation","Disputed
accusation",Democrat,Change,No,-0.8490566037735857,0.05648269585570408,-0.9623974249537054,-0.735715782593466
"Disputed
accusation","Disputed
accusation",Democrat,Change + level,Yes,-0.6086956521739134,0.07911503805191994,-0.7680415184257225,-0.44934978592210434
"Disputed
accusation","Disputed
accusation",Republican,Change,No,-0.05405405405405406,0.10922842930614539,-0.27557957626636476,0.16747146815825664
"Disputed
accusation","Disputed
accusation",Republican,Change + level,Yes,-0.29787234042553196,0.09081241717341383,-0.48066825528113183,-0.11507642556993208
Endorsed Trump,"Endorsed
Trump",Democrat,Change,No,-0.7358490566037741,0.07690938345133108,-0.8901790251856518,-0.5815190880218963
Endorsed Trump,"Endorsed
Trump",Democrat,Change + level,Yes,-0.7391304347826089,0.07246376811594206,-0.8850799557160036,-0.5931809138492141
Endorsed Trump,"Endorsed
Trump",Republican,Change,No,0.5405405405405406,0.09950775691159695,0.33872945569710977,0.7423516253839714
Endorsed Trump,"Endorsed
Trump",Republican,Change + level,Yes,0.0851063829787234,0.1089423853453683,-0.13418326501875294,0.30439603097619977
Immigration,"Immigrant
population",Democrat,Change,No,0.05769230769230773,0.08861878607096785,-0.12021732896885834,0.2356019443534738
Immigration,"Immigrant
population",Democrat,Change + level,Yes,0.06666666666666668,0.08040302522073696,-0.09537498325039076,0.22870831658372412
Immigration,"Immigrant
population",Republican,Change,No,-0.35135135135135137,0.1110705225760176,-0.5766128118735364,-0.12608989082916636
Immigration,"Immigrant
population",Republican,Change + level,Yes,-0.14893617021276592,0.09607815295267066,-0.34233146144350446,0.044459121017972614
"Mueller
comments","Mueller
comments",Democrat,Change,No,0.48046875,0.04213626495789243,0.3974893580444276,0.5634481419555724
"Mueller
comments","Mueller
comments",Democrat,Change + level,Yes,0.29166666666666713,0.04410573808510203,0.2047810351857723,0.37855229814756197
"Mueller
comments","Mueller
comments",Republican,Change,No,-0.20833333333333323,0.04984590359420807,-0.3067426531261984,-0.10992401354046805
"Mueller
comments","Mueller
comments",Republican,Change + level,Yes,-0.14545454545454536,0.0488254848568974,-0.2418621534875435,-0.049046937421547226
"Supports
charters","Supports
charters",Democrat,Change,No,-0.2264150943396228,0.10654049780910728,-0.4402042438779497,-0.012625944801295919
"Supports
charters","Supports
charters",Democrat,Change + level,Yes,-0.21739130434782622,0.10728553926563336,-0.4334754725606475,-0.0013071361350049382
"Supports
charters","Supports
charters",Republican,Change,No,0.4054054054054055,0.11917798698489147,0.16370124495242086,0.6471095658583901
"Supports
charters","Supports
charters",Republican,Change + level,Yes,0.27659574468085113,0.09949980201438317,0.0763130311127447,0.4768784582489576
Tax cuts,"Tax Cuts and
Jobs Act",Democrat,Change,No,-0.4615384615384619,0.09694246735578535,-0.6561585856563092,-0.26691833742061455
Tax cuts,"Tax Cuts and
Jobs Act",Democrat,Change + level,Yes,-0.2444444444444445,0.09076307015852632,-0.42736539299890286,-0.061523495889986124
Tax cuts,"Tax Cuts and
Jobs Act",Republican,Change,No,0.7027027027027027,0.07617808344724218,0.5482063886571626,0.8571990167482428
Tax cuts,"Tax Cuts and
Jobs Act",Republican,Change + level,Yes,0.19148936170212766,0.08939253245534161,0.011551526546508317,0.371427196857747
"Undisputed
accusation","Undisputed
accusation",Democrat,Change,No,-0.7924528301886798,0.06235863877776733,-0.9175845934600826,-0.6673210669172771
"Undisputed
accusation","Undisputed
accusation",Democrat,Change + level,Yes,-0.6666666666666667,0.0778498944161523,-0.8235628195468507,-0.5097705137864827
"Undisputed
accusation","Undisputed
accusation",Republican,Change,No,-0.6756756756756758,0.09534238958791318,-0.8690390040380634,-0.4823123473132881
"Undisputed
accusation","Undisputed
accusation",Republican,Change + level,Yes,-0.5319148936170213,0.09546160228786517,-0.724069132728062,-0.3397606545059806
