Study,Topic,Outcome,Party,N,quantity,estimate,std.error,p.value
1,Blocked whistleblower,Y0,Democrat,103,Actual,5.355932203389831,0.20479738938295883,NA
1,Blocked whistleblower,Y0,Democrat,103,Difference,-0.3786594761171026,0.30528422386424914,0.2177194598511214
1,Blocked whistleblower,Y0,Democrat,103,Guess,4.977272727272727,0.2263989545963535,NA
1,Blocked whistleblower,Y0,Republican,73,Actual,3.322580645161291,0.3124206454916969,NA
1,Blocked whistleblower,Y0,Republican,73,Difference,-0.48924731182795755,0.38247922930817324,0.20500996101942534
1,Blocked whistleblower,Y0,Republican,73,Guess,2.833333333333333,0.2206438331853522,NA
1,Blocked whistleblower,Y1,Democrat,103,Actual,4.409090909090908,0.2545945286430785,NA
1,Blocked whistleblower,Y1,Democrat,103,Difference,0.17180277349768933,0.34380483654041066,0.6183660747302189
1,Blocked whistleblower,Y1,Democrat,103,Guess,4.23728813559322,0.2310484616126821,NA
1,Blocked whistleblower,Y1,Republican,73,Actual,2.952380952380952,0.26387706318342646,NA
1,Blocked whistleblower,Y1,Republican,73,Difference,0.50076804915514606,0.35685957979934746,0.16489659548091187
1,Blocked whistleblower,Y1,Republican,73,Guess,2.451612903225807,0.24024499000032587,NA
1,Death penalty,Y0,Democrat,102,Actual,3.5423728813559308,0.2573547423542415,NA
1,Death penalty,Y0,Democrat,102,Difference,0.8762317698068595,0.380940680995314,0.02351564797768555
1,Death penalty,Y0,Democrat,102,Guess,4.418604651162791,0.2808635594464965,NA
1,Death penalty,Y0,Republican,72,Actual,5.193548387096774,0.28367539695210586,NA
1,Death penalty,Y0,Republican,72,Difference,-0.04720692368213966,0.3912889813748827,0.9043181253919568
1,Death penalty,Y0,Republican,72,Guess,5.146341463414638,0.26950943603046396,NA
1,Death penalty,Y1,Democrat,102,Actual,4.395348837209303,0.2865372268554278,NA
1,Death penalty,Y1,Democrat,102,Difference,0.7343318880567611,0.392126930312113,0.06403255382479814
1,Death penalty,Y1,Democrat,102,Guess,3.661016949152541,0.26769375618792823,NA
1,Death penalty,Y1,Republican,72,Actual,4.878048780487807,0.2754046290399078,NA
1,Death penalty,Y1,Republican,72,Difference,-0.15420928402832387,0.41153543067700227,0.7090038740839639
1,Death penalty,Y1,Republican,72,Guess,5.03225806451613,0.3058000997480162,NA
1,Disputed accusation,Y0,Democrat,103,Actual,2.661016949152542,0.2088209217887306,NA
1,Disputed accusation,Y0,Democrat,103,Difference,0.4526194144838216,0.3307166810712086,0.17416030365277432
1,Disputed accusation,Y0,Democrat,103,Guess,3.1136363636363638,0.2564514491323072,NA
1,Disputed accusation,Y0,Republican,73,Actual,5.32258064516129,0.19336909258205573,NA
1,Disputed accusation,Y0,Republican,73,Difference,-0.8463901689708149,0.3149991574474433,0.00897422884214644
1,Disputed accusation,Y0,Republican,73,Guess,4.476190476190476,0.2486621467505488,NA
1,Disputed accusation,Y1,Democrat,103,Actual,2.681818181818182,0.2406227106318203,NA
1,Disputed accusation,Y1,Democrat,103,Difference,0.546224961479199,0.3110316447433235,0.08209031527173803
1,Disputed accusation,Y1,Democrat,103,Guess,2.1355932203389822,0.19708220406706492,NA
1,Disputed accusation,Y1,Republican,73,Actual,3.3095238095238084,0.2628533134431287,NA
1,Disputed accusation,Y1,Republican,73,Difference,-1.0775729646697398,0.3956895065341426,0.0081289044871503
1,Disputed accusation,Y1,Republican,73,Guess,4.387096774193549,0.29576734301339214,NA
1,Endorsed Trump,Y0,Democrat,103,Actual,3.7966101694915246,0.2353599541487876,NA
1,Endorsed Trump,Y0,Democrat,103,Difference,-0.02388289676425191,0.36678514738483675,0.948211835800742
1,Endorsed Trump,Y0,Democrat,103,Guess,3.772727272727273,0.28131305750924007,NA
1,Endorsed Trump,Y0,Republican,73,Actual,5.870967741935484,0.12041090476704877,NA
1,Endorsed Trump,Y0,Republican,73,Difference,-0.8471582181259605,0.2704398060611217,0.00251803996508115
1,Endorsed Trump,Y0,Republican,73,Guess,5.023809523809524,0.24215470822504725,NA
1,Endorsed Trump,Y1,Democrat,103,Actual,3.3863636363636362,0.3070970074385375,NA
1,Endorsed Trump,Y1,Democrat,103,Difference,0.8439907550077045,0.3812404011321229,0.029091582377821494
1,Endorsed Trump,Y1,Democrat,103,Guess,2.5423728813559316,0.2259107599864974,NA
1,Endorsed Trump,Y1,Republican,73,Actual,4.904761904761904,0.22557070172005048,NA
1,Endorsed Trump,Y1,Republican,73,Difference,-0.9339477726574509,0.2960564098355037,0.0023567407395613817
1,Endorsed Trump,Y1,Republican,73,Guess,5.838709677419356,0.19174789785082805,NA
1,Immigration,Y0,Democrat,102,Actual,4.898305084745761,0.1944509500566388,NA
1,Immigration,Y0,Democrat,102,Difference,-0.5727236893969249,0.3308842787154266,0.08655611495085605
1,Immigration,Y0,Democrat,102,Guess,4.325581395348839,0.2677185722416336,NA
1,Immigration,Y0,Republican,72,Actual,2.67741935483871,0.3258969319694234,NA
1,Immigration,Y0,Republican,72,Difference,0.4445318646734854,0.40165260194180075,0.2721878858421654
1,Immigration,Y0,Republican,72,Guess,3.1219512195121966,0.2347679756260126,NA
1,Immigration,Y1,Democrat,102,Actual,4.395348837209305,0.2706367023842699,NA
1,Immigration,Y1,Democrat,102,Difference,-0.4012613322822225,0.3324461957672107,0.23028092722819568
1,Immigration,Y1,Democrat,102,Guess,4.796610169491524,0.19307057881163237,NA
1,Immigration,Y1,Republican,72,Actual,3.04878048780488,0.2468119149399712,NA
1,Immigration,Y1,Republican,72,Difference,0.24232887490165228,0.3844989793165854,0.5305858597061444
1,Immigration,Y1,Republican,72,Guess,2.806451612903226,0.29482765090669605,NA
1,Supports charters,Y0,Democrat,103,Actual,2.627118644067796,0.21744263716816767,NA
1,Supports charters,Y0,Democrat,103,Difference,0.12288135593220376,0.36906417025963056,0.739859217808758
1,Supports charters,Y0,Democrat,103,Guess,2.75,0.29820640722624026,NA
1,Supports charters,Y0,Republican,73,Actual,5.580645161290322,0.23081992025804285,NA
1,Supports charters,Y0,Republican,73,Difference,-0.9615975422427046,0.3370718299941364,0.005673231341857011
1,Supports charters,Y0,Republican,73,Guess,4.619047619047619,0.24564116712730913,NA
1,Supports charters,Y1,Democrat,103,Actual,2.6363636363636362,0.29096854572147424,NA
1,Supports charters,Y1,Democrat,103,Difference,0.02619414483821315,0.36892344972157426,0.9435369052583373
1,Supports charters,Y1,Democrat,103,Guess,2.610169491525423,0.2268078860075133,NA
1,Supports charters,Y1,Republican,73,Actual,4.571428571428571,0.2993272696155335,NA
1,Supports charters,Y1,Republican,73,Difference,-0.783410138248849,0.4021739466459895,0.05537634284082079
1,Supports charters,Y1,Republican,73,Guess,5.35483870967742,0.268602064447243,NA
1,Tax cuts,Y0,Democrat,102,Actual,2.813559322033898,0.24232771482882265,NA
1,Tax cuts,Y0,Democrat,102,Difference,0.11667323610563708,0.37711671518900436,0.7576744556659496
1,Tax cuts,Y0,Democrat,102,Guess,2.9302325581395356,0.2889537947506237,NA
1,Tax cuts,Y0,Republican,72,Actual,5.32258064516129,0.25563371298269616,NA
1,Tax cuts,Y0,Republican,72,Difference,-0.39575137686860684,0.3403299904672166,0.2488409325678299
1,Tax cuts,Y0,Republican,72,Guess,4.9268292682926855,0.22466843836662154,NA
1,Tax cuts,Y1,Democrat,102,Actual,3.16279069767442,0.303048798482201,NA
1,Tax cuts,Y1,Democrat,102,Difference,0.3322822230981483,0.377856038482695,0.3812990163951311
1,Tax cuts,Y1,Democrat,102,Guess,2.8305084745762707,0.2256914078035103,NA
1,Tax cuts,Y1,Republican,72,Actual,4.9024390243902465,0.25376404934981484,NA
1,Tax cuts,Y1,Republican,72,Difference,-0.45239968528717506,0.37529233543539525,0.23208515776339808
1,Tax cuts,Y1,Republican,72,Guess,5.354838709677419,0.27649257547742234,NA
1,Undisputed accusation,Y0,Democrat,102,Actual,4.457627118644067,0.22975863876143698,NA
1,Undisputed accusation,Y0,Democrat,102,Difference,-0.5971620023649973,0.35879997376830536,0.09917678272262886
1,Undisputed accusation,Y0,Democrat,102,Guess,3.860465116279071,0.2755873529221328,NA
1,Undisputed accusation,Y0,Republican,72,Actual,3.2903225806451615,0.24623421138008336,NA
1,Undisputed accusation,Y0,Republican,72,Difference,-0.387883556254917,0.34308950206273436,0.2620987847726368
1,Undisputed accusation,Y0,Republican,72,Guess,2.9024390243902447,0.23891236797554782,NA
1,Undisputed accusation,Y1,Democrat,102,Actual,3.093023255813954,0.315375557886213,NA
1,Undisputed accusation,Y1,Democrat,102,Difference,0.41505715411903943,0.4100004414790013,0.3138218359086042
1,Undisputed accusation,Y1,Democrat,102,Guess,2.6779661016949157,0.26198973167079675,NA
1,Undisputed accusation,Y1,Republican,72,Actual,2.0975609756097575,0.24645010885988552,NA
1,Undisputed accusation,Y1,Republican,72,Difference,0.3556254917387882,0.34457626166688604,0.3055938314561185
1,Undisputed accusation,Y1,Republican,72,Guess,1.741935483870968,0.24082180953409757,NA
2a,Biden / Hill,Y0,Democrat,697,Actual,4.432748538011697,0.08114787271349162,NA
2a,Biden / Hill,Y0,Democrat,697,Difference,-0.15950910139197633,0.11409846614077072,0.16256051830785984
2a,Biden / Hill,Y0,Democrat,697,Guess,4.27323943661972,0.0802089940701892,NA
2a,Biden / Hill,Y0,Republican,693,Actual,2.461538461538458,0.08488689926793247,NA
2a,Biden / Hill,Y0,Republican,693,Difference,0.044309491677912545,0.11951614823664244,0.7109443515655411
2a,Biden / Hill,Y0,Republican,693,Guess,2.5058479532163727,0.08413277614579825,NA
2a,Biden / Hill,Y1,Democrat,697,Actual,4.061971830985917,0.0807104514247791,NA
2a,Biden / Hill,Y1,Democrat,697,Difference,-0.04913928012519475,0.11637669386841344,0.6729780222385291
2a,Biden / Hill,Y1,Democrat,697,Guess,4.111111111111112,0.08384126613160665,NA
2a,Biden / Hill,Y1,Republican,693,Actual,2.5730994152046773,0.08393810057575994,NA
2a,Biden / Hill,Y1,Republican,693,Difference,0.09161793372319664,0.11864045239042098,0.4402411620876323
2a,Biden / Hill,Y1,Republican,693,Guess,2.481481481481478,0.0838448103053337,NA
2a,DREAM Act,Y0,Democrat,697,Actual,5.029154518950444,0.0764556595502611,NA
2a,DREAM Act,Y0,Democrat,697,Difference,-0.1364991517187982,0.10638843410041318,0.19991056947724337
2a,DREAM Act,Y0,Democrat,697,Guess,4.892655367231635,0.073979936692812,NA
2a,DREAM Act,Y0,Republican,691,Actual,3.333333333333329,0.08756647570781675,NA
2a,DREAM Act,Y0,Republican,691,Difference,0.013725490196078684,0.12346042307758173,0.9115113805610516
2a,DREAM Act,Y0,Republican,691,Guess,3.347058823529415,0.08703211130730865,NA
2a,DREAM Act,Y1,Democrat,697,Actual,4.946327683615816,0.07398314506466133,NA
2a,DREAM Act,Y1,Democrat,697,Difference,-0.11198135428505515,0.10465887282774788,0.2850064108804843
2a,DREAM Act,Y1,Democrat,697,Guess,5.058309037900882,0.07402684585956583,NA
2a,DREAM Act,Y1,Republican,691,Actual,3.4441176470588255,0.08617512179448683,NA
2a,DREAM Act,Y1,Republican,691,Difference,0.08514328808446509,0.12135015638418033,0.4831449169438252
2a,DREAM Act,Y1,Republican,691,Guess,3.358974358974354,0.08543833354045687,NA
2a,Obama Torture,Y0,Democrat,699,Actual,3.8720930232558133,0.10514157247695484,NA
2a,Obama Torture,Y0,Democrat,699,Difference,0.7747996321114187,0.13720060047851343,2.3766777831536753e-8
2a,Obama Torture,Y0,Democrat,699,Guess,4.646892655367229,0.08814337472968622,NA
2a,Obama Torture,Y0,Republican,693,Actual,3.4273504273504236,0.0833710506047345,NA
2a,Obama Torture,Y0,Republican,693,Difference,-0.0167932425996965,0.12088990194381938,0.8895590147388173
2a,Obama Torture,Y0,Republican,693,Guess,3.410557184750735,0.08754219732819697,NA
2a,Obama Torture,Y1,Democrat,699,Actual,4.6901408450704265,0.0888426551300433,NA
2a,Obama Torture,Y1,Democrat,699,Difference,0.42775017451648767,0.13431569773793686,0.0015138604011255502
2a,Obama Torture,Y1,Democrat,699,Guess,4.262390670553942,0.10073573987554257,NA
2a,Obama Torture,Y1,Republican,693,Actual,3.447368421052631,0.0869921500188369,NA
2a,Obama Torture,Y1,Republican,693,Difference,-0.025566051881840378,0.12188910319225058,0.8339258248928801
2a,Obama Torture,Y1,Republican,693,Guess,3.472934472934469,0.0853775105757443,NA
2a,Opposed Kav,Y0,Democrat,491,Actual,4.584745762711868,0.10533078464074873,NA
2a,Opposed Kav,Y0,Democrat,491,Difference,0.32505815885676187,0.14000160240150278,0.02065270175983849
2a,Opposed Kav,Y0,Democrat,491,Guess,4.909803921568621,0.09222729792177971,NA
2a,Opposed Kav,Y0,Republican,436,Actual,2.176211453744493,0.10306513932244132,NA
2a,Opposed Kav,Y0,Republican,436,Difference,0.09651581898278012,0.14900854059620047,0.5175085222129151
2a,Opposed Kav,Y0,Republican,436,Guess,2.2727272727272747,0.10761562259753576,NA
2a,Opposed Kav,Y1,Democrat,491,Actual,5.003921568627444,0.09471083205243744,NA
2a,Opposed Kav,Y1,Democrat,491,Difference,0.24221944096787756,0.14000775520017655,0.08425483373095169
2a,Opposed Kav,Y1,Democrat,491,Guess,4.761702127659576,0.10311173458015131,NA
2a,Opposed Kav,Y1,Republican,436,Actual,2.291866028708136,0.10970526439969878,NA
2a,Opposed Kav,Y1,Republican,436,Difference,0.18613915646143897,0.15120368063636536,0.2189712047021468
2a,Opposed Kav,Y1,Republican,436,Guess,2.105726872246696,0.10405435118713753,NA
2a,Supported Kav,Y0,Democrat,210,Actual,1.7570093457943925,0.12303193878312577,NA
2a,Supported Kav,Y0,Democrat,210,Difference,0.15561201342890815,0.18127701869513138,0.3916481138695008
2a,Supported Kav,Y0,Democrat,210,Guess,1.9126213592233023,0.13313339005020575,NA
2a,Supported Kav,Y0,Republican,256,Actual,4.6693548387096815,0.13042415733830662,NA
2a,Supported Kav,Y0,Republican,256,Difference,0.042766373411534504,0.18831304476529792,0.8205266761985855
2a,Supported Kav,Y0,Republican,256,Guess,4.712121212121214,0.13583571699435237,NA
2a,Supported Kav,Y1,Democrat,210,Actual,1.8834951456310691,0.14424750478711737,NA
2a,Supported Kav,Y1,Democrat,210,Difference,0.41620542600489974,0.17073709171916754,0.015621064276358551
2a,Supported Kav,Y1,Democrat,210,Guess,1.4672897196261683,0.09134446809418699,NA
2a,Supported Kav,Y1,Republican,256,Actual,4.674242424242426,0.1456820138059819,NA
2a,Supported Kav,Y1,Republican,256,Difference,-0.051564027370478924,0.2016803290111256,0.798410986043641
2a,Supported Kav,Y1,Republican,256,Guess,4.725806451612908,0.13946937285106595,NA
2a,Trump Coal,Y0,Democrat,701,Actual,4.76676384839651,0.08275416908476449,NA
2a,Trump Coal,Y0,Democrat,701,Difference,-0.6740672191830189,0.13144067509940813,3.7928266218071873e-7
2a,Trump Coal,Y0,Democrat,701,Guess,4.092696629213473,0.1021195307944487,NA
2a,Trump Coal,Y0,Republican,693,Actual,4.150997150997147,0.07390481899740411,NA
2a,Trump Coal,Y0,Republican,693,Difference,-0.20655270655270613,0.1041458817988622,0.04772916905264975
2a,Trump Coal,Y0,Republican,693,Guess,3.9444444444444446,0.07337876003738086,NA
2a,Trump Coal,Y1,Democrat,701,Actual,3.888268156424581,0.10501749441457697,NA
2a,Trump Coal,Y1,Democrat,701,Difference,-0.6306822808932024,0.14145861780818725,9.616301434085733e-6
2a,Trump Coal,Y1,Democrat,701,Guess,4.518950437317793,0.09477270925264908,NA
2a,Trump Coal,Y1,Republican,693,Actual,3.982456140350877,0.07384181666213067,NA
2a,Trump Coal,Y1,Republican,693,Difference,-0.13150397360923646,0.10339358641849161,0.20384453656470725
2a,Trump Coal,Y1,Republican,693,Guess,4.113960113960111,0.0723714019797489,NA
2b,Biden / Hill,Y0,Democrat,196,Actual,0.882978723404256,0.03333235978465085,NA
2b,Biden / Hill,Y0,Democrat,196,Difference,-0.03984146850229438,0.049198777593735296,0.4190438127895877
2b,Biden / Hill,Y0,Democrat,196,Guess,0.8431372549019611,0.03618664819936251,NA
2b,Biden / Hill,Y0,Republican,209,Actual,0.31818181818181823,0.04461272175910508,NA
2b,Biden / Hill,Y0,Republican,209,Difference,0.07575757575757576,0.06653218127511903,0.2561607919751293
2b,Biden / Hill,Y0,Republican,209,Guess,0.39393939393939387,0.04935824351078518,NA
2b,Biden / Hill,Y1,Democrat,196,Actual,0.8235294117647062,0.03793281185307815,NA
2b,Biden / Hill,Y1,Democrat,196,Difference,0.06821026282853573,0.05853311407137802,0.24531715974557747
2b,Biden / Hill,Y1,Democrat,196,Guess,0.7553191489361709,0.04457832688439456,NA
2b,Biden / Hill,Y1,Republican,209,Actual,0.42424242424242414,0.049924513396843256,NA
2b,Biden / Hill,Y1,Republican,209,Difference,0.05151515151515161,0.06809865145877637,0.45022257063782867
2b,Biden / Hill,Y1,Republican,209,Guess,0.37272727272727285,0.04631381319425461,NA
2b,DREAM Act,Y0,Democrat,194,Actual,0.8936170212765966,0.03197203760837922,NA
2b,DREAM Act,Y0,Democrat,194,Difference,-0.05361702127659558,0.0487830600352967,0.2731046446407182
2b,DREAM Act,Y0,Democrat,194,Guess,0.8399999999999994,0.036845294917747046,NA
2b,DREAM Act,Y0,Republican,209,Actual,0.4770642201834863,0.048061876591748355,NA
2b,DREAM Act,Y0,Republican,209,Difference,0.03293577981651377,0.069528313698542,0.6362108413972645
2b,DREAM Act,Y0,Republican,209,Guess,0.5099999999999997,0.05024183937956912,NA
2b,DREAM Act,Y1,Democrat,194,Actual,0.8199999999999994,0.038612291966536906,NA
2b,DREAM Act,Y1,Democrat,194,Difference,-0.08425531914893591,0.0492123096754768,0.08849686692650598
2b,DREAM Act,Y1,Democrat,194,Guess,0.904255319148937,0.030511347605209686,NA
2b,DREAM Act,Y1,Republican,209,Actual,0.5099999999999997,0.05024183937956913,NA
2b,DREAM Act,Y1,Republican,209,Difference,0.014587155963302775,0.06956193215923098,0.8341078567735511
2b,DREAM Act,Y1,Republican,209,Guess,0.4954128440366972,0.04811049762248401,NA
2b,Obama Torture,Y0,Democrat,195,Actual,0.6063829787234049,0.05066044053121249,NA
2b,Obama Torture,Y0,Democrat,195,Difference,0.21539919949441738,0.06349049167104033,8.398859706591926e-4
2b,Obama Torture,Y0,Democrat,195,Guess,0.8217821782178221,0.03826960017839147,NA
2b,Obama Torture,Y0,Republican,209,Actual,0.44954128440366975,0.047866898600912935,NA
2b,Obama Torture,Y0,Republican,209,Difference,0.030458715596330267,0.0693718394082368,0.6610727227464119
2b,Obama Torture,Y0,Republican,209,Guess,0.47999999999999976,0.05021167315686781,NA
2b,Obama Torture,Y1,Democrat,195,Actual,0.8613861386138617,0.034554313597257726,NA
2b,Obama Torture,Y1,Democrat,195,Difference,0.0741520960606699,0.0547269526782952,0.1770184071597135
2b,Obama Torture,Y1,Democrat,195,Guess,0.7872340425531922,0.04243864702455474,NA
2b,Obama Torture,Y1,Republican,209,Actual,0.47999999999999976,0.05021167315686781,NA
2b,Obama Torture,Y1,Republican,209,Difference,-0.015412844036697265,0.06954014741640367,0.8248130204641408
2b,Obama Torture,Y1,Republican,209,Guess,0.4954128440366972,0.04811049762248402,NA
2b,Trump Coal,Y0,Democrat,196,Actual,0.8723404255319157,0.034604152823488096,NA
2b,Trump Coal,Y0,Democrat,196,Difference,-0.2188750789972612,0.05883817864925205,2.611843887418205e-4
2b,Trump Coal,Y0,Democrat,196,Guess,0.6534653465346536,0.0475865934285066,NA
2b,Trump Coal,Y0,Republican,210,Actual,0.6181818181818183,0.04653429807913509,NA
2b,Trump Coal,Y0,Republican,210,Difference,0.1118181818181821,0.06446976026500245,0.08432358207373412
2b,Trump Coal,Y0,Republican,210,Guess,0.7299999999999994,0.044619604333847374,NA
2b,Trump Coal,Y1,Democrat,196,Actual,0.5784313725490198,0.049135952012745045,NA
2b,Trump Coal,Y1,Democrat,196,Difference,-0.19816437213183127,0.06542077040066457,0.0027869694577922583
2b,Trump Coal,Y1,Democrat,196,Guess,0.7765957446808519,0.043191844364621604,NA
2b,Trump Coal,Y1,Republican,210,Actual,0.6799999999999995,0.046882617226215055,NA
2b,Trump Coal,Y1,Republican,210,Difference,0.016363636363636386,0.06516055952894648,0.8019631180711259
2b,Trump Coal,Y1,Republican,210,Guess,0.6636363636363638,0.0452539359630251,NA
