Study,Topic,Party,Y1?,N,More,Less,Same,Diff
1,"Blocked
whistleblower",Democrat,No,53,22.6 (5.8),45.3 (6.9),32.1 (6.5),-22.6 (11.0)
1,"Blocked
whistleblower",Democrat,Yes,46,13.0 (5.0),50.0 (7.5),37.0 (7.2),-37.0 (10.5)
1,"Blocked
whistleblower",Independent,No,14,14.3 (9.7),21.4 (11.4),64.3 (13.3),-7.1 (16.5)
1,"Blocked
whistleblower",Independent,Yes,10,-0.0 (0.0),30.0 (15.3),70.0 (15.3),-30.0 (15.3)
1,"Blocked
whistleblower",Republican,No,37,2.7 (2.7),59.5 (8.2),37.8 (8.1),-56.8 (9.1)
1,"Blocked
whistleblower",Republican,Yes,47,6.4 (3.6),38.3 (7.2),55.3 (7.3),-31.9 (8.7)
1,Death penalty,Democrat,No,52,9.6 (4.1),34.6 (6.7),55.8 (7.0),-25.0 (8.6)
1,Death penalty,Democrat,Yes,45,8.9 (4.3),20.0 (6.0),71.1 (6.8),-11.1 (7.9)
1,Death penalty,Independent,No,12,16.7 (11.2),-0.0 (0.0),83.3 (11.2),16.7 (11.2)
1,Death penalty,Independent,Yes,10,40.0 (16.3),10.0 (10.0),50.0 (16.7),30.0 (21.3)
1,Death penalty,Republican,No,37,24.3 (7.2),8.1 (4.5),67.6 (7.8),16.2 (9.1)
1,Death penalty,Republican,Yes,47,27.7 (6.6),8.5 (4.1),63.8 (7.1),19.1 (8.4)
1,"Disputed
accusation",Democrat,No,53,1.9 (1.9),86.8 (4.7),11.3 (4.4),-84.9 (5.6)
1,"Disputed
accusation",Democrat,Yes,46,2.2 (2.2),63.0 (7.2),34.8 (7.1),-60.9 (7.9)
1,"Disputed
accusation",Independent,No,13,7.7 (7.7),46.2 (14.4),46.2 (14.4),-38.5 (18.0)
1,"Disputed
accusation",Independent,Yes,10,10.0 (10.0),50.0 (16.7),40.0 (16.3),-40.0 (22.1)
1,"Disputed
accusation",Republican,No,37,18.9 (6.5),24.3 (7.2),56.8 (8.3),-5.4 (10.9)
1,"Disputed
accusation",Republican,Yes,47,8.5 (4.1),38.3 (7.2),53.2 (7.4),-29.8 (9.1)
1,Endorsed Trump,Democrat,No,53,5.7 (3.2),79.2 (5.6),15.1 (5.0),-73.6 (7.7)
1,Endorsed Trump,Democrat,Yes,46,2.2 (2.2),76.1 (6.4),21.7 (6.1),-73.9 (7.2)
1,Endorsed Trump,Independent,No,14,-0.0 (0.0),28.6 (12.5),71.4 (12.5),-28.6 (12.5)
1,Endorsed Trump,Independent,Yes,10,20.0 (13.3),40.0 (16.3),40.0 (16.3),-20.0 (24.9)
1,Endorsed Trump,Republican,No,37,59.5 (8.2),5.4 (3.8),35.1 (8.0),54.1 (10.0)
1,Endorsed Trump,Republican,Yes,47,31.9 (6.9),23.4 (6.2),44.7 (7.3),8.5 (10.9)
1,Immigration,Democrat,No,52,23.1 (5.9),17.3 (5.3),59.6 (6.9),5.8 (8.9)
1,Immigration,Democrat,Yes,45,17.8 (5.8),11.1 (4.7),71.1 (6.8),6.7 (8.0)
1,Immigration,Independent,No,12,16.7 (11.2),8.3 (8.3),75.0 (13.1),8.3 (14.9)
1,Immigration,Independent,Yes,10,20.0 (13.3),20.0 (13.3),60.0 (16.3),-0.0 (21.1)
1,Immigration,Republican,No,37,10.8 (5.2),45.9 (8.3),43.2 (8.3),-35.1 (11.1)
1,Immigration,Republican,Yes,47,14.9 (5.2),29.8 (6.7),55.3 (7.3),-14.9 (9.6)
1,"Supports
charters",Democrat,No,53,20.8 (5.6),43.4 (6.9),35.8 (6.7),-22.6 (10.7)
1,"Supports
charters",Democrat,Yes,46,17.4 (5.7),39.1 (7.3),43.5 (7.4),-21.7 (10.7)
1,"Supports
charters",Independent,No,14,21.4 (11.4),14.3 (9.7),64.3 (13.3),7.1 (16.5)
1,"Supports
charters",Independent,Yes,10,20.0 (13.3),10.0 (10.0),70.0 (15.3),10.0 (18.0)
1,"Supports
charters",Republican,No,37,54.1 (8.3),13.5 (5.7),32.4 (7.8),40.5 (11.9)
1,"Supports
charters",Republican,Yes,47,40.4 (7.2),12.8 (4.9),46.8 (7.4),27.7 (9.9)
1,Tax cuts,Democrat,No,52,11.5 (4.5),57.7 (6.9),30.8 (6.5),-46.2 (9.7)
1,Tax cuts,Democrat,Yes,45,8.9 (4.3),33.3 (7.1),57.8 (7.4),-24.4 (9.1)
1,Tax cuts,Independent,No,12,33.3 (14.2),16.7 (11.2),50.0 (15.1),16.7 (20.7)
1,Tax cuts,Independent,Yes,10,30.0 (15.3),30.0 (15.3),40.0 (16.3),-0.0 (25.8)
1,Tax cuts,Republican,No,37,70.3 (7.6),-0.0 (0.0),29.7 (7.6),70.3 (7.6)
1,Tax cuts,Republican,Yes,47,29.8 (6.7),10.6 (4.5),59.6 (7.2),19.1 (8.9)
1,"Undisputed
accusation",Democrat,No,53,1.9 (1.9),81.1 (5.4),17.0 (5.2),-79.2 (6.2)
1,"Undisputed
accusation",Democrat,Yes,45,2.2 (2.2),68.9 (7.0),28.9 (6.8),-66.7 (7.8)
1,"Undisputed
accusation",Independent,No,13,15.4 (10.4),53.8 (14.4),30.8 (13.3),-38.5 (21.3)
1,"Undisputed
accusation",Independent,Yes,10,-0.0 (0.0),80.0 (13.3),20.0 (13.3),-80.0 (13.3)
1,"Undisputed
accusation",Republican,No,37,5.4 (3.8),73.0 (7.4),21.6 (6.9),-67.6 (9.5)
1,"Undisputed
accusation",Republican,Yes,47,8.5 (4.1),61.7 (7.2),29.8 (6.7),-53.2 (9.5)
2a,Biden / Hill,Democrat,No,332,12.7 (1.8),24.4 (2.4),63.0 (2.7),-11.7 (3.3)
2a,Biden / Hill,Independent,No,135,3.0 (1.5),14.1 (3.0),83.0 (3.2),-11.1 (3.4)
2a,Biden / Hill,Republican,No,355,8.2 (1.5),22.5 (2.2),69.3 (2.5),-14.4 (2.8)
2a,DREAM Act,Democrat,No,332,50.0 (2.7),7.8 (1.5),42.2 (2.7),42.2 (3.5)
2a,DREAM Act,Independent,No,135,29.6 (3.9),10.4 (2.6),60.0 (4.2),19.3 (5.2)
2a,DREAM Act,Republican,No,355,23.1 (2.2),26.2 (2.3),50.7 (2.7),-3.1 (3.7)
2a,Obama Torture,Democrat,No,332,43.1 (2.7),7.5 (1.5),49.4 (2.7),35.5 (3.4)
2a,Obama Torture,Independent,No,135,23.0 (3.6),11.9 (2.8),65.2 (4.1),11.1 (5.0)
2a,Obama Torture,Republican,No,356,18.3 (2.1),18.0 (2.0),63.8 (2.6),0.3 (3.2)
2a,Opposed Kav,Democrat,No,237,56.5 (3.2),11.4 (2.1),32.1 (3.0),45.1 (4.5)
2a,Opposed Kav,Independent,No,96,22.9 (4.3),15.6 (3.7),61.5 (5.0),7.3 (6.3)
2a,Opposed Kav,Republican,No,225,9.8 (2.0),59.6 (3.3),30.7 (3.1),-49.8 (4.5)
2a,Supported Kav,Democrat,No,95,3.2 (1.8),71.6 (4.7),25.3 (4.5),-68.4 (5.5)
2a,Supported Kav,Independent,No,39,7.7 (4.3),25.6 (7.1),66.7 (7.6),-17.9 (8.9)
2a,Supported Kav,Republican,No,130,51.5 (4.4),10.8 (2.7),37.7 (4.3),40.8 (6.0)
2a,Trump Coal,Democrat,No,332,30.1 (2.5),29.2 (2.5),40.7 (2.7),0.9 (4.2)
2a,Trump Coal,Independent,No,135,19.3 (3.4),15.6 (3.1),65.2 (4.1),3.7 (5.1)
2a,Trump Coal,Republican,No,356,25.8 (2.3),11.0 (1.7),63.2 (2.6),14.9 (3.1)
2b,Biden / Hill,Democrat,No,132,9.1 (2.5),17.4 (3.3),73.5 (3.9),-8.3 (4.4)
2b,Biden / Hill,Independent,No,49,-0.0 (0.0),20.4 (5.8),79.6 (5.8),-20.4 (5.8)
2b,Biden / Hill,Republican,No,108,11.1 (3.0),25.0 (4.2),63.9 (4.6),-13.9 (5.7)
2b,DREAM Act,Democrat,No,131,54.2 (4.4),6.1 (2.1),39.7 (4.3),48.1 (5.3)
2b,DREAM Act,Independent,No,49,22.4 (6.0),18.4 (5.6),59.2 (7.1),4.1 (9.2)
2b,DREAM Act,Republican,No,108,29.6 (4.4),34.3 (4.6),36.1 (4.6),-4.6 (7.7)
2b,Obama Torture,Democrat,No,131,55.0 (4.4),9.2 (2.5),35.9 (4.2),45.8 (5.8)
2b,Obama Torture,Independent,No,49,26.5 (6.4),16.3 (5.3),57.1 (7.1),10.2 (9.3)
2b,Obama Torture,Republican,No,108,25.0 (4.2),34.3 (4.6),40.7 (4.8),-9.3 (7.4)
2b,Trump Coal,Democrat,No,131,32.8 (4.1),36.6 (4.2),30.5 (4.0),-3.8 (7.3)
2b,Trump Coal,Independent,No,49,16.3 (5.3),26.5 (6.4),57.1 (7.1),-10.2 (9.3)
2b,Trump Coal,Republican,No,108,32.4 (4.5),16.7 (3.6),50.9 (4.8),15.7 (6.6)
3,"Mueller
comments",Democrat,No,256,58.2 (3.4),10.2 (1.9),31.6 (3.1),48.0 (4.5)
3,"Mueller
comments",Democrat,Yes,240,42.1 (3.4),12.9 (2.2),45.0 (3.4),29.2 (4.6)
3,"Mueller
comments",Independent,No,131,33.6 (4.3),16.8 (3.5),49.6 (4.6),16.8 (6.4)
3,"Mueller
comments",Independent,Yes,114,23.7 (4.0),14.0 (3.3),62.3 (4.6),9.6 (5.7)
3,"Mueller
comments",Republican,No,168,12.5 (2.9),33.3 (4.0),54.2 (4.2),-20.8 (5.5)
3,"Mueller
comments",Republican,Yes,165,13.3 (3.0),27.9 (3.7),58.8 (4.1),-14.5 (5.3)
