Study,Topic,Party,Format,Y1?,N,category,estimate_pct,se_pct
1,"Blocked
whistleblower",Democrat,Change,No,53,Diff,-22.64150943396228,10.989343510122469
1,"Blocked
whistleblower",Democrat,Change,No,53,Less,45.28301886792456,6.902828418342015
1,"Blocked
whistleblower",Democrat,Change,No,53,More,22.641509433962277,5.803700732404125
1,"Blocked
whistleblower",Democrat,Change,No,53,Same,32.075471698113226,6.47288914977584
1,"Blocked
whistleblower",Democrat,Change + level,Yes,46,Diff,-36.95652173913045,10.475965431015194
1,"Blocked
whistleblower",Democrat,Change + level,Yes,46,Less,50.000000000000036,7.453559924999302
1,"Blocked
whistleblower",Democrat,Change + level,Yes,46,More,13.04347826086957,5.020437123388053
1,"Blocked
whistleblower",Democrat,Change + level,Yes,46,Same,36.956521739130444,7.195473383945747
1,"Blocked
whistleblower",Independent,Change,No,14,Diff,-7.142857142857144,16.4560210240351
1,"Blocked
whistleblower",Independent,Change,No,14,Less,21.42857142857143,11.38039295450988
1,"Blocked
whistleblower",Independent,Change,No,14,More,14.285714285714288,9.705231721239393
1,"Blocked
whistleblower",Independent,Change,No,14,Same,64.28571428571429,13.289435848843764
1,"Blocked
whistleblower",Independent,Change + level,Yes,10,Diff,-30,15.275252316519467
1,"Blocked
whistleblower",Independent,Change + level,Yes,10,Less,30,15.275252316519467
1,"Blocked
whistleblower",Independent,Change + level,Yes,10,More,-0,0
1,"Blocked
whistleblower",Independent,Change + level,Yes,10,Same,70,15.275252316519468
1,"Blocked
whistleblower",Republican,Change,No,37,Diff,-56.756756756756765,9.120926455548013
1,"Blocked
whistleblower",Republican,Change,No,37,Less,59.45945945945946,8.182838794858087
1,"Blocked
whistleblower",Republican,Change,No,37,More,2.7027027027027026,2.7027027027027026
1,"Blocked
whistleblower",Republican,Change,No,37,Same,37.83783783783784,8.083044344561426
1,"Blocked
whistleblower",Republican,Change + level,Yes,47,Diff,-31.914893617021278,8.659657428455231
1,"Blocked
whistleblower",Republican,Change + level,Yes,47,Less,38.29787234042554,7.167347772513391
1,"Blocked
whistleblower",Republican,Change + level,Yes,47,More,6.382978723404256,3.6042108674890208
1,"Blocked
whistleblower",Republican,Change + level,Yes,47,Same,55.31914893617022,7.33026284390658
1,Death penalty,Democrat,Change,No,52,Diff,-25.000000000000018,8.62972169487059
1,Death penalty,Democrat,Change,No,52,Less,34.615384615384635,6.661733875264915
1,Death penalty,Democrat,Change,No,52,More,9.61538461538462,4.128055232750759
1,Death penalty,Democrat,Change,No,52,Same,55.769230769230816,6.95463729665796
1,Death penalty,Democrat,Change + level,Yes,45,Diff,-11.111111111111112,7.927845200140841
1,Death penalty,Democrat,Change + level,Yes,45,Less,20.000000000000004,6.030226891555272
1,Death penalty,Democrat,Change + level,Yes,45,More,8.88888888888889,4.290254662948546
1,Death penalty,Democrat,Change + level,Yes,45,Same,71.11111111111111,6.8329432425405106
1,Death penalty,Independent,Change,No,12,Diff,16.66666666666667,11.236664374387372
1,Death penalty,Independent,Change,No,12,Less,-0,0
1,Death penalty,Independent,Change,No,12,More,16.66666666666667,11.236664374387372
1,Death penalty,Independent,Change,No,12,Same,83.33333333333334,11.236664374387372
1,Death penalty,Independent,Change + level,Yes,10,Diff,30.000000000000004,21.343747458109497
1,Death penalty,Independent,Change + level,Yes,10,Less,10,10
1,Death penalty,Independent,Change + level,Yes,10,More,40,16.329931618554525
1,Death penalty,Independent,Change + level,Yes,10,Same,50,16.666666666666668
1,Death penalty,Republican,Change,No,37,Diff,16.21621621621622,9.098653097623496
1,Death penalty,Republican,Change,No,37,Less,8.108108108108109,4.549326548811747
1,Death penalty,Republican,Change,No,37,More,24.324324324324326,7.150679219093489
1,Death penalty,Republican,Change,No,37,Same,67.56756756756758,7.802030664724674
1,Death penalty,Republican,Change + level,Yes,47,Diff,19.14893617021277,8.405923791336551
1,Death penalty,Republican,Change + level,Yes,47,Less,8.510638297872337,4.114219418674762
1,Death penalty,Republican,Change + level,Yes,47,More,27.65957446808511,6.595297051445341
1,Death penalty,Republican,Change + level,Yes,47,Same,63.829787234042556,7.0844854758726346
1,"Disputed
accusation",Democrat,Change,No,53,Diff,-84.90566037735857,5.648269585570408
1,"Disputed
accusation",Democrat,Change,No,53,Less,86.79245283018876,4.695159976668162
1,"Disputed
accusation",Democrat,Change,No,53,More,1.8867924528301896,1.8867924528301894
1,"Disputed
accusation",Democrat,Change,No,53,Same,11.320754716981138,4.393868070601048
1,"Disputed
accusation",Democrat,Change + level,Yes,46,Diff,-60.86956521739134,7.911503805191993
1,"Disputed
accusation",Democrat,Change + level,Yes,46,Less,63.0434782608696,7.195473383945747
1,"Disputed
accusation",Democrat,Change + level,Yes,46,More,2.1739130434782616,2.1739130434782616
1,"Disputed
accusation",Democrat,Change + level,Yes,46,Same,34.782608695652186,7.099970268936752
1,"Disputed
accusation",Independent,Change,No,13,Diff,-38.46153846153847,18.040060614705496
1,"Disputed
accusation",Independent,Change,No,13,Less,46.15384615384615,14.390989949130544
1,"Disputed
accusation",Independent,Change,No,13,More,7.6923076923076925,7.6923076923076925
1,"Disputed
accusation",Independent,Change,No,13,Same,46.15384615384615,14.390989949130544
1,"Disputed
accusation",Independent,Change + level,Yes,10,Diff,-40,22.11083193570267
1,"Disputed
accusation",Independent,Change + level,Yes,10,Less,50.000000000000014,16.666666666666668
1,"Disputed
accusation",Independent,Change + level,Yes,10,More,10,10.000000000000002
1,"Disputed
accusation",Independent,Change + level,Yes,10,Same,40,16.32993161855452
1,"Disputed
accusation",Republican,Change,No,37,Diff,-5.405405405405405,10.922842930614541
1,"Disputed
accusation",Republican,Change,No,37,Less,24.32432432432433,7.150679219093489
1,"Disputed
accusation",Republican,Change,No,37,More,18.91891891891892,6.5276471829682174
1,"Disputed
accusation",Republican,Change,No,37,Same,56.75675675675676,8.256893144064577
1,"Disputed
accusation",Republican,Change + level,Yes,47,Diff,-29.787234042553195,9.081241717341385
1,"Disputed
accusation",Republican,Change + level,Yes,47,Less,38.297872340425535,7.16734777251339
1,"Disputed
accusation",Republican,Change + level,Yes,47,More,8.51063829787234,4.114219418674763
1,"Disputed
accusation",Republican,Change + level,Yes,47,Same,53.19148936170214,7.357064625618348
1,Endorsed Trump,Democrat,Change,No,53,Diff,-73.58490566037742,7.690938345133107
1,Endorsed Trump,Democrat,Change,No,53,Less,79.24528301886798,5.623975840347626
1,Endorsed Trump,Democrat,Change,No,53,More,5.660377358490569,3.2045576438054613
1,Endorsed Trump,Democrat,Change,No,53,Same,15.094339622641517,4.964479354568092
1,Endorsed Trump,Democrat,Change + level,Yes,46,Diff,-73.91304347826089,7.246376811594206
1,Endorsed Trump,Democrat,Change + level,Yes,46,Less,76.08695652173915,6.358669845936325
1,Endorsed Trump,Democrat,Change + level,Yes,46,More,2.1739130434782616,2.1739130434782616
1,Endorsed Trump,Democrat,Change + level,Yes,46,Same,21.739130434782616,6.14875461901346
1,Endorsed Trump,Independent,Change,No,14,Diff,-28.571428571428577,12.529400275814703
1,Endorsed Trump,Independent,Change,No,14,Less,28.571428571428577,12.529400275814703
1,Endorsed Trump,Independent,Change,No,14,More,-0,0
1,Endorsed Trump,Independent,Change,No,14,Same,71.42857142857143,12.529400275814703
1,Endorsed Trump,Independent,Change + level,Yes,10,Diff,-20,24.944382578492945
1,Endorsed Trump,Independent,Change + level,Yes,10,Less,40,16.32993161855452
1,Endorsed Trump,Independent,Change + level,Yes,10,More,20,13.333333333333336
1,Endorsed Trump,Independent,Change + level,Yes,10,Same,40,16.32993161855452
1,Endorsed Trump,Republican,Change,No,37,Diff,54.054054054054056,9.950775691159695
1,Endorsed Trump,Republican,Change,No,37,Less,5.405405405405405,3.768738858261602
1,Endorsed Trump,Republican,Change,No,37,More,59.45945945945946,8.182838794858087
1,Endorsed Trump,Republican,Change,No,37,Same,35.13513513513514,7.956541321016081
1,Endorsed Trump,Republican,Change + level,Yes,47,Diff,8.51063829787234,10.89423853453683
1,Endorsed Trump,Republican,Change + level,Yes,47,Less,23.40425531914894,6.2426763436828825
1,Endorsed Trump,Republican,Change + level,Yes,47,More,31.914893617021278,6.872960451806369
1,Endorsed Trump,Republican,Change + level,Yes,47,Same,44.6808510638298,7.33026284390658
1,Immigration,Democrat,Change,No,52,Diff,5.769230769230773,8.861878607096784
1,Immigration,Democrat,Change,No,52,Less,17.307692307692317,5.2974522506643
1,Immigration,Democrat,Change,No,52,More,23.07692307692309,5.899730683441313
1,Immigration,Democrat,Change,No,52,Same,59.615384615384656,6.870717031248969
1,Immigration,Democrat,Change + level,Yes,45,Diff,6.666666666666668,8.040302522073697
1,Immigration,Democrat,Change + level,Yes,45,Less,11.111111111111112,4.737793696791344
1,Immigration,Democrat,Change + level,Yes,45,More,17.77777777777778,5.763774795025093
1,Immigration,Democrat,Change + level,Yes,45,Same,71.11111111111111,6.8329432425405106
1,Immigration,Independent,Change,No,12,Diff,8.333333333333336,14.864709750264083
1,Immigration,Independent,Change,No,12,Less,8.333333333333336,8.333333333333336
1,Immigration,Independent,Change,No,12,More,16.66666666666667,11.236664374387372
1,Immigration,Independent,Change,No,12,Same,75.00000000000003,13.055824196677342
1,Immigration,Independent,Change + level,Yes,10,Diff,-0,21.0818510677892
1,Immigration,Independent,Change + level,Yes,10,Less,20,13.333333333333336
1,Immigration,Independent,Change + level,Yes,10,More,20,13.333333333333336
1,Immigration,Independent,Change + level,Yes,10,Same,60,16.32993161855452
1,Immigration,Republican,Change,No,37,Diff,-35.13513513513514,11.107052257601762
1,Immigration,Republican,Change,No,37,Less,45.94594594594595,8.30589590747107
1,Immigration,Republican,Change,No,37,More,10.81081081081081,5.175281663547774
1,Immigration,Republican,Change,No,37,Same,43.24324324324324,8.256893144064577
1,Immigration,Republican,Change + level,Yes,47,Diff,-14.893617021276592,9.607815295267066
1,Immigration,Republican,Change + level,Yes,47,Less,29.787234042553195,6.742861107915607
1,Immigration,Republican,Change + level,Yes,47,More,14.893617021276597,5.249310253140096
1,Immigration,Republican,Change + level,Yes,47,Same,55.319148936170215,7.33026284390658
1,"Supports
charters",Democrat,Change,No,53,Diff,-22.64150943396228,10.654049780910729
1,"Supports
charters",Democrat,Change,No,53,Less,43.39622641509438,6.87301044560324
1,"Supports
charters",Democrat,Change,No,53,More,20.754716981132088,5.623975840347625
1,"Supports
charters",Democrat,Change,No,53,Same,35.84905660377361,6.650261419090691
1,"Supports
charters",Democrat,Change + level,Yes,46,Diff,-21.739130434782624,10.72855392656334
1,"Supports
charters",Democrat,Change + level,Yes,46,Less,39.13043478260872,7.275304578557182
1,"Supports
charters",Democrat,Change + level,Yes,46,More,17.391304347826093,5.650315562208097
1,"Supports
charters",Democrat,Change + level,Yes,46,Same,43.47826086956523,7.3898833530330235
1,"Supports
charters",Independent,Change,No,14,Diff,7.142857142857145,16.4560210240351
1,"Supports
charters",Independent,Change,No,14,Less,14.285714285714288,9.705231721239393
1,"Supports
charters",Independent,Change,No,14,More,21.42857142857143,11.38039295450988
1,"Supports
charters",Independent,Change,No,14,Same,64.28571428571429,13.289435848843764
1,"Supports
charters",Independent,Change + level,Yes,10,Diff,10,17.950549357115015
1,"Supports
charters",Independent,Change + level,Yes,10,Less,10,10.000000000000002
1,"Supports
charters",Independent,Change + level,Yes,10,More,20,13.333333333333336
1,"Supports
charters",Independent,Change + level,Yes,10,Same,70,15.275252316519468
1,"Supports
charters",Republican,Change,No,37,Diff,40.54054054054055,11.917798698489147
1,"Supports
charters",Republican,Change,No,37,Less,13.513513513513514,5.697797585888973
1,"Supports
charters",Republican,Change,No,37,More,54.054054054054056,8.30589590747107
1,"Supports
charters",Republican,Change,No,37,Same,32.432432432432435,7.802030664724674
1,"Supports
charters",Republican,Change + level,Yes,47,Diff,27.65957446808511,9.949980201438319
1,"Supports
charters",Republican,Change + level,Yes,47,Less,12.765957446808512,4.9202908961969305
1,"Supports
charters",Republican,Change + level,Yes,47,More,40.42553191489362,7.235674844413015
1,"Supports
charters",Republican,Change + level,Yes,47,Same,46.80851063829788,7.357064625618349
1,Tax cuts,Democrat,Change,No,52,Diff,-46.15384615384619,9.694246735578533
1,Tax cuts,Democrat,Change,No,52,Less,57.69230769230773,6.918047444081749
1,Tax cuts,Democrat,Change,No,52,More,11.538461538461545,4.473692292598462
1,Tax cuts,Democrat,Change,No,52,Same,30.76923076923078,6.462831157052356
1,Tax cuts,Democrat,Change + level,Yes,45,Diff,-24.44444444444445,9.076307015852631
1,Tax cuts,Democrat,Change + level,Yes,45,Less,33.333333333333336,7.106690545187015
1,Tax cuts,Democrat,Change + level,Yes,45,More,8.88888888888889,4.290254662948546
1,Tax cuts,Democrat,Change + level,Yes,45,Same,57.77777777777779,7.4460272702958035
1,Tax cuts,Independent,Change,No,12,Diff,16.66666666666667,20.719385350268706
1,Tax cuts,Independent,Change,No,12,Less,16.66666666666667,11.236664374387372
1,Tax cuts,Independent,Change,No,12,More,33.33333333333334,14.213381090374034
1,Tax cuts,Independent,Change,No,12,Same,50,15.075567228888184
1,Tax cuts,Independent,Change + level,Yes,10,Diff,7.021666937153402e-15,25.81988897471611
1,Tax cuts,Independent,Change + level,Yes,10,Less,30,15.275252316519467
1,Tax cuts,Independent,Change + level,Yes,10,More,30.000000000000004,15.275252316519467
1,Tax cuts,Independent,Change + level,Yes,10,Same,40,16.32993161855452
1,Tax cuts,Republican,Change,No,37,Diff,70.27027027027027,7.617808344724218
1,Tax cuts,Republican,Change,No,37,Less,-0,0
1,Tax cuts,Republican,Change,No,37,More,70.27027027027027,7.617808344724218
1,Tax cuts,Republican,Change,No,37,Same,29.729729729729726,7.617808344724218
1,Tax cuts,Republican,Change + level,Yes,47,Diff,19.148936170212767,8.939253245534161
1,Tax cuts,Republican,Change + level,Yes,47,Less,10.638297872340427,4.546036031565444
1,Tax cuts,Republican,Change + level,Yes,47,More,29.787234042553195,6.742861107915607
1,Tax cuts,Republican,Change + level,Yes,47,Same,59.57446808510639,7.235674844413015
1,"Undisputed
accusation",Democrat,Change,No,53,Diff,-79.24528301886798,6.235863877776733
1,"Undisputed
accusation",Democrat,Change,No,53,Less,81.13207547169817,5.425711362124457
1,"Undisputed
accusation",Democrat,Change,No,53,More,1.8867924528301896,1.8867924528301896
1,"Undisputed
accusation",Democrat,Change,No,53,Same,16.981132075471702,5.206789873629058
1,"Undisputed
accusation",Democrat,Change + level,Yes,45,Diff,-66.66666666666667,7.784989441615229
1,"Undisputed
accusation",Democrat,Change + level,Yes,45,Less,68.8888888888889,6.979205927323111
1,"Undisputed
accusation",Democrat,Change + level,Yes,45,More,2.2222222222222223,2.222222222222222
1,"Undisputed
accusation",Democrat,Change + level,Yes,45,Same,28.888888888888896,6.83294324254051
1,"Undisputed
accusation",Independent,Change,No,13,Diff,-38.46153846153847,21.299035545943777
1,"Undisputed
accusation",Independent,Change,No,13,Less,53.84615384615387,14.390989949130544
1,"Undisputed
accusation",Independent,Change,No,13,More,15.384615384615385,10.415433852097385
1,"Undisputed
accusation",Independent,Change,No,13,Same,30.76923076923077,13.323467750529824
1,"Undisputed
accusation",Independent,Change + level,Yes,10,Diff,-80,13.333333333333336
1,"Undisputed
accusation",Independent,Change + level,Yes,10,Less,80,13.333333333333336
1,"Undisputed
accusation",Independent,Change + level,Yes,10,More,-0,0
1,"Undisputed
accusation",Independent,Change + level,Yes,10,Same,20,13.333333333333336
1,"Undisputed
accusation",Republican,Change,No,37,Diff,-67.56756756756758,9.53423895879132
1,"Undisputed
accusation",Republican,Change,No,37,Less,72.97297297297298,7.401656182502244
1,"Undisputed
accusation",Republican,Change,No,37,More,5.405405405405405,3.7687388582616026
1,"Undisputed
accusation",Republican,Change,No,37,Same,21.62162162162162,6.861056852129647
1,"Undisputed
accusation",Republican,Change + level,Yes,47,Diff,-53.191489361702125,9.546160228786519
1,"Undisputed
accusation",Republican,Change + level,Yes,47,Less,61.702127659574465,7.16734777251339
1,"Undisputed
accusation",Republican,Change + level,Yes,47,More,8.51063829787234,4.114219418674763
1,"Undisputed
accusation",Republican,Change + level,Yes,47,Same,29.787234042553195,6.742861107915606
2a,Biden / Hill,Democrat,Change,No,332,Diff,-11.746987951807217,3.2826687392834284
2a,Biden / Hill,Democrat,Change,No,332,Less,24.397590361445758,2.3606265622635525
2a,Biden / Hill,Democrat,Change,No,332,More,12.650602409638543,1.8271388986048285
2a,Biden / Hill,Democrat,Change,No,332,Same,62.95180722891559,2.654444309200996
2a,Biden / Hill,Independent,Change,No,135,Diff,-11.111111111111109,3.4340773746055806
2a,Biden / Hill,Independent,Change,No,135,Less,14.074074074074069,3.004136260951688
2a,Biden / Hill,Independent,Change,No,135,More,2.962962962962962,1.4648038602753792
2a,Biden / Hill,Independent,Change,No,135,Same,82.96296296296289,3.247781185995593
2a,Biden / Hill,Republican,Change,No,355,Diff,-14.366197183098611,2.8443793886397546
2a,Biden / Hill,Republican,Change,No,355,Less,22.535211267605664,2.2206563517220186
2a,Biden / Hill,Republican,Change,No,355,More,8.169014084507054,1.4557198865028866
2a,Biden / Hill,Republican,Change,No,355,Same,69.29577464788733,2.4516068066245853
2a,DREAM Act,Democrat,Change,No,332,Diff,42.16867469879514,3.478433948190835
2a,DREAM Act,Democrat,Change,No,332,Less,7.831325301204811,1.47671030869027
2a,DREAM Act,Democrat,Change,No,332,More,49.99999999999995,2.74824854964656
2a,DREAM Act,Democrat,Change,No,332,Same,42.16867469879514,2.7143294053829585
2a,DREAM Act,Independent,Change,No,135,Diff,19.259259259259252,5.204103527817595
2a,DREAM Act,Independent,Change,No,135,Less,10.370370370370367,2.633725661744442
2a,DREAM Act,Independent,Change,No,135,More,29.629629629629612,3.9446241625011083
2a,DREAM Act,Independent,Change,No,135,Same,59.99999999999995,4.232073695151589
2a,DREAM Act,Republican,Change,No,355,Diff,-3.0985915492957803,3.7280340448480707
2a,DREAM Act,Republican,Change,No,355,Less,26.197183098591587,2.337018422284284
2a,DREAM Act,Republican,Change,No,355,More,23.0985915492958,2.2400528541032747
2a,DREAM Act,Republican,Change,No,355,Same,50.70422535211274,2.6572064185904782
2a,Obama Torture,Democrat,Change,No,332,Diff,35.54216867469876,3.386928493726334
2a,Obama Torture,Democrat,Change,No,332,Less,7.5301204819277014,1.4503977303466198
2a,Obama Torture,Democrat,Change,No,332,More,43.07228915662647,2.7217412802446725
2a,Obama Torture,Democrat,Change,No,332,Same,49.39759036144572,2.748049075971854
2a,Obama Torture,Independent,Change,No,135,Diff,11.111111111111109,5.005984993625445
2a,Obama Torture,Independent,Change,No,135,Less,11.851851851851848,2.792205025063899
2a,Obama Torture,Independent,Change,No,135,More,22.962962962962955,3.6333844140734666
2a,Obama Torture,Independent,Change,No,135,Same,65.18518518518513,4.1153246103369545
2a,Obama Torture,Republican,Change,No,356,Diff,0.280898876404493,3.194853520607573
2a,Obama Torture,Republican,Change,No,356,Less,17.977528089887606,2.038061280344534
2a,Obama Torture,Republican,Change,No,356,More,18.2584269662921,2.050401912745632
2a,Obama Torture,Republican,Change,No,356,Same,63.76404494382017,2.551194730772722
2a,Opposed Kav,Democrat,Change,No,237,Diff,45.147679324894476,4.488656133457365
2a,Opposed Kav,Democrat,Change,No,237,Less,11.392405063291132,2.0681745135884513
2a,Opposed Kav,Democrat,Change,No,237,More,56.54008438818562,3.22675999551014
2a,Opposed Kav,Democrat,Change,No,237,Same,32.067510548523195,3.0381931949990326
2a,Opposed Kav,Independent,Change,No,96,Diff,7.291666666666671,6.325385999362863
2a,Opposed Kav,Independent,Change,No,96,Less,15.625000000000014,3.725247254245438
2a,Opposed Kav,Independent,Change,No,96,More,22.91666666666668,4.312153028672578
2a,Opposed Kav,Independent,Change,No,96,Same,61.45833333333338,4.993370971094656
2a,Opposed Kav,Republican,Change,No,225,Diff,-49.77777777777778,4.459893783188027
2a,Opposed Kav,Republican,Change,No,225,Less,59.555555555555564,3.279189902971935
2a,Opposed Kav,Republican,Change,No,225,More,9.777777777777777,1.9845078999435273
2a,Opposed Kav,Republican,Change,No,225,Same,30.666666666666664,3.080919260880345
2a,Supported Kav,Democrat,Change,No,95,Diff,-68.42105263157893,5.450203751132785
2a,Supported Kav,Democrat,Change,No,95,Less,71.57894736842103,4.652097479896194
2a,Supported Kav,Democrat,Change,No,95,More,3.1578947368421053,1.8037112288197883
2a,Supported Kav,Democrat,Change,No,95,Same,25.263157894736842,4.481746243373485
2a,Supported Kav,Independent,Change,No,39,Diff,-17.948717948717956,8.901769276135218
2a,Supported Kav,Independent,Change,No,39,Less,25.64102564102565,7.083413480167729
2a,Supported Kav,Independent,Change,No,39,More,7.692307692307695,4.3227037457616655
2a,Supported Kav,Independent,Change,No,39,Same,66.66666666666669,7.647191129018728
2a,Supported Kav,Republican,Change,No,130,Diff,40.76923076923079,5.951118097834683
2a,Supported Kav,Republican,Change,No,130,Less,10.769230769230772,2.729322182887358
2a,Supported Kav,Republican,Change,No,130,More,51.53846153846155,4.400170130691367
2a,Supported Kav,Republican,Change,No,130,Same,37.6923076923077,4.266800546039562
2a,Trump Coal,Democrat,Change,No,332,Diff,0.9036144578313233,4.2337010801263375
2a,Trump Coal,Democrat,Change,No,332,Less,29.21686746987949,2.499583894214362
2a,Trump Coal,Democrat,Change,No,332,More,30.120481927710813,2.521691252123826
2a,Trump Coal,Democrat,Change,No,332,Same,40.66265060240959,2.699901478692223
2a,Trump Coal,Independent,Change,No,135,Diff,3.703703703703703,5.087124558266514
2a,Trump Coal,Independent,Change,No,135,Less,15.55555555555555,3.1309483648783107
2a,Trump Coal,Independent,Change,No,135,More,19.259259259259252,3.4065420585026494
2a,Trump Coal,Independent,Change,No,135,Same,65.18518518518513,4.115324610336954
2a,Trump Coal,Republican,Change,No,356,Diff,14.887640449438175,3.1210929120237427
2a,Trump Coal,Republican,Change,No,356,Less,10.955056179775264,1.6576687873828575
2a,Trump Coal,Republican,Change,No,356,More,25.842696629213428,2.323441288111406
2a,Trump Coal,Republican,Change,No,356,Same,63.20224719101116,2.559544781878892
2b,Biden / Hill,Democrat,Change,No,132,Diff,-8.33333333333334,4.439646766664383
2b,Biden / Hill,Democrat,Change,No,132,Less,17.42424242424243,3.31411510343567
2b,Biden / Hill,Democrat,Change,No,132,More,9.090909090909095,2.5117225636160825
2b,Biden / Hill,Democrat,Change,No,132,Same,73.48484848484854,3.856650735812566
2b,Biden / Hill,Independent,Change,No,49,Diff,-20.40816326530613,5.817221556628257
2b,Biden / Hill,Independent,Change,No,49,Less,20.40816326530613,5.817221556628257
2b,Biden / Hill,Independent,Change,No,49,More,-0,0
2b,Biden / Hill,Independent,Change,No,49,Same,79.5918367346939,5.817221556628256
2b,Biden / Hill,Republican,Change,No,108,Diff,-13.888888888888888,5.6520692402575445
2b,Biden / Hill,Republican,Change,No,108,Less,24.999999999999993,4.186091791394605
2b,Biden / Hill,Republican,Change,No,108,More,11.111111111111109,3.0381596756651694
2b,Biden / Hill,Republican,Change,No,108,Same,63.88888888888887,4.643454608906268
2b,DREAM Act,Democrat,Change,No,131,Diff,48.09160305343511,5.347704084569567
2b,DREAM Act,Democrat,Change,No,131,Less,6.106870229007632,2.1001706137777387
2b,DREAM Act,Democrat,Change,No,131,More,54.19847328244272,4.369802690578755
2b,DREAM Act,Democrat,Change,No,131,Same,39.69465648854961,4.2911356710092194
2b,DREAM Act,Independent,Change,No,49,Diff,4.0816326530612255,9.202550515965093
2b,DREAM Act,Independent,Change,No,49,Less,18.367346938775515,5.5890056888282285
2b,DREAM Act,Independent,Change,No,49,More,22.448979591836743,6.022425581505368
2b,DREAM Act,Independent,Change,No,49,Same,59.18367346938776,7.094099868916401
2b,DREAM Act,Republican,Change,No,108,Diff,-4.62962962962963,7.714203078980411
2b,DREAM Act,Republican,Change,No,108,Less,34.25925925925925,4.587904741301812
2b,DREAM Act,Republican,Change,No,108,More,29.629629629629616,4.4143436668549265
2b,DREAM Act,Republican,Change,No,108,Same,36.1111111111111,4.643454608906269
2b,Obama Torture,Democrat,Change,No,131,Diff,45.80152671755723,5.760898628351776
2b,Obama Torture,Democrat,Change,No,131,Less,9.160305343511448,2.5300035578642963
2b,Obama Torture,Democrat,Change,No,131,More,54.96183206106867,4.363643698524776
2b,Obama Torture,Democrat,Change,No,131,Same,35.87786259541984,4.206739313864906
2b,Obama Torture,Independent,Change,No,49,Diff,10.204081632653061,9.333620907491325
2b,Obama Torture,Independent,Change,No,49,Less,16.326530612244905,5.334825558285078
2b,Obama Torture,Independent,Change,No,49,More,26.530612244897966,6.372446937141225
2b,Obama Torture,Independent,Change,No,49,Same,57.14285714285716,7.142857142857144
2b,Obama Torture,Republican,Change,No,108,Diff,-9.259259259259258,7.387911345915059
2b,Obama Torture,Republican,Change,No,108,Less,34.25925925925925,4.587904741301812
2b,Obama Torture,Republican,Change,No,108,More,24.999999999999993,4.186091791394605
2b,Obama Torture,Republican,Change,No,108,Same,40.740740740740726,4.750077341199983
2b,Trump Coal,Democrat,Change,No,131,Diff,-3.816793893129771,7.302263595243044
2b,Trump Coal,Democrat,Change,No,131,Less,36.64122137404579,4.225875451969639
2b,Trump Coal,Democrat,Change,No,131,More,32.82442748091603,4.118438565806301
2b,Trump Coal,Democrat,Change,No,131,Same,30.53435114503816,4.039314978724564
2b,Trump Coal,Independent,Change,No,49,Diff,-10.204081632653061,9.333620907491325
2b,Trump Coal,Independent,Change,No,49,Less,26.530612244897966,6.372446937141225
2b,Trump Coal,Independent,Change,No,49,More,16.326530612244905,5.334825558285078
2b,Trump Coal,Independent,Change,No,49,Same,57.14285714285716,7.142857142857144
2b,Trump Coal,Republican,Change,No,108,Diff,15.740740740740733,6.599091192272388
2b,Trump Coal,Republican,Change,No,108,Less,16.66666666666666,3.6028141763926396
2b,Trump Coal,Republican,Change,No,108,More,32.4074074074074,4.524596007030053
2b,Trump Coal,Republican,Change,No,108,Same,50.92592592592592,4.832853553437051
3,"Mueller
comments",Democrat,Change,No,256,Diff,48.046875,4.533147934711758
3,"Mueller
comments",Democrat,Change,No,256,Less,10.15625,1.9197920533495543
3,"Mueller
comments",Democrat,Change,No,256,More,58.20312499999998,3.377483001473099
3,"Mueller
comments",Democrat,Change,No,256,Same,31.640625,3.1042802239337473
3,"Mueller
comments",Democrat,Change + level,Yes,240,Diff,29.166666666666714,4.623134613301028
3,"Mueller
comments",Democrat,Change + level,Yes,240,Less,12.916666666666687,2.24320901575641
3,"Mueller
comments",Democrat,Change + level,Yes,240,More,42.08333333333339,3.3583739357391553
3,"Mueller
comments",Democrat,Change + level,Yes,240,Same,45.000000000000064,3.353796462003003
3,"Mueller
comments",Independent,Change,No,131,Diff,16.793893129770986,6.446539877453025
3,"Mueller
comments",Independent,Change,No,131,Less,16.793893129770986,3.5404471807133415
3,"Mueller
comments",Independent,Change,No,131,More,33.58778625954198,4.330005870756013
3,"Mueller
comments",Independent,Change,No,131,Same,49.618320610687014,4.5836184143985115
3,"Mueller
comments",Independent,Change + level,Yes,114,Diff,9.649122807017545,5.707072815017211
3,"Mueller
comments",Independent,Change + level,Yes,114,Less,14.035087719298248,3.27236031630044
3,"Mueller
comments",Independent,Change + level,Yes,114,More,23.684210526315795,4.0104907151676885
3,"Mueller
comments",Independent,Change + level,Yes,114,Same,62.28070175438598,4.584111202444792
3,"Mueller
comments",Republican,Change,No,168,Diff,-20.833333333333325,5.5214324520341
3,"Mueller
comments",Republican,Change,No,168,Less,33.333333333333314,3.96377960915718
3,"Mueller
comments",Republican,Change,No,168,More,12.499999999999993,2.8882088280577665
3,"Mueller
comments",Republican,Change,No,168,Same,54.16666666666665,4.197663841532193
3,"Mueller
comments",Republican,Change + level,Yes,165,Diff,-14.545454545454536,5.335798211001301
3,"Mueller
comments",Republican,Change + level,Yes,165,Less,27.87878787878787,3.7116627753741605
3,"Mueller
comments",Republican,Change + level,Yes,165,More,13.333333333333325,2.968458279842143
3,"Mueller
comments",Republican,Change + level,Yes,165,Same,58.787878787878775,4.087251850081971
