study,topic,Party,more_less_change,more_less_counterfactual,cate_counterfactual,benchmark,change_sign_determinate,counterfactual_sign_determinate,change_wrong_sign,counterfactual_wrong_sign
1,Blocked whistleblower,Democrat,-0.2264150943396228,-0.3398058252427185,-0.8834951456310685,-0.9468412942989205,TRUE,TRUE,FALSE,FALSE
1,Blocked whistleblower,Republican,-0.5675675675675677,-0.15068493150684933,-0.3013698630136987,-0.37019969278033826,TRUE,TRUE,FALSE,FALSE
1,Death penalty,Democrat,-0.25000000000000017,0.03921568627450984,0.058823529411764754,0.8529759558533713,TRUE,TRUE,TRUE,FALSE
1,Death penalty,Republican,0.1621621621621622,-0.08333333333333334,-0.22222222222222227,-0.315499606608969,TRUE,TRUE,TRUE,FALSE
1,Disputed accusation,Democrat,-0.8490566037735857,-0.20388349514563112,-0.4854368932038838,0.020801232665639845,TRUE,TRUE,TRUE,TRUE
1,Disputed accusation,Republican,-0.05405405405405406,-0.4794520547945207,-1.0684931506849313,-2.013056835637482,TRUE,TRUE,FALSE,FALSE
1,Endorsed Trump,Democrat,-0.7358490566037741,-0.3980582524271846,-0.8834951456310685,-0.41024653312788856,TRUE,TRUE,FALSE,FALSE
1,Endorsed Trump,Republican,0.5405405405405406,-0.04109589041095891,-0.08219178082191782,-0.9662058371735797,TRUE,TRUE,TRUE,FALSE
1,Immigration,Democrat,0.05769230769230773,-0.01960784313725492,-0.029411764705882387,-0.5029562475364598,TRUE,TRUE,TRUE,FALSE
1,Immigration,Republican,-0.35135135135135137,-0,0.013888888888888881,0.3713611329661684,TRUE,TRUE,TRUE,FALSE
1,Supports charters,Democrat,-0.2264150943396228,-0.04854368932038837,-0.05825242718446605,0.009244992295840275,TRUE,TRUE,TRUE,TRUE
1,Supports charters,Republican,0.4054054054054055,-0.027397260273972608,-0.12328767123287672,-1.0092165898617522,TRUE,TRUE,TRUE,FALSE
1,Tax cuts,Democrat,-0.4615384615384619,0.03921568627450984,0.10784313725490205,0.34923137564052115,TRUE,TRUE,TRUE,FALSE
1,Tax cuts,Republican,0.7027027027027027,-0,1.0969560184091465e-17,-0.4201416207710458,TRUE,FALSE,TRUE,FALSE
1,Undisputed accusation,Democrat,-0.7924528301886798,-0.4803921568627452,-1.3529411764705894,-1.3646038628301131,TRUE,TRUE,FALSE,FALSE
1,Undisputed accusation,Republican,-0.6756756756756758,-0.527777777777778,-1.1250000000000002,-1.192761605035405,TRUE,TRUE,FALSE,FALSE
2a,Obama Torture,Democrat,0.3554216867469876,0.08608321377331427,0.20803443328550947,0.8180478218146066,TRUE,TRUE,FALSE,FALSE
2a,Obama Torture,Republican,0.0028089887640449303,0.007225433526011531,0.0390173410404623,0.020017993702205132,TRUE,TRUE,FALSE,FALSE
2a,Trump Coal,Democrat,0.009036144578313234,-0.05007153075822591,-0.22460658082975615,-0.8784956919719192,TRUE,TRUE,TRUE,FALSE
2a,Trump Coal,Republican,0.14887640449438175,-0.00865800865800867,-0,-0.16854101064627333,TRUE,FALSE,TRUE,FALSE
