stat,value
N impeachment survey,4034
"cor(Y1, Y0) impeachment",0.8284749964578377
Share reporting exactly zero change,0.7208725830441249
Mean tau_i impeachment,0.16013882002975102
SE of mean tau_i impeachment,0.022609426788410186
Mean tau_i in SD units of Y1,0.06447201041379422
N study 1 (format conditions),417
N study 2a (format conditions),2475
N study 2b (format conditions),1110
N study 3 (change responses),1074
N study 3 (rows in the deposit),1081
N study 3 (distinct id values in the deposit),1023
Fig 3a overall estimate,-0.09927086770759148
Fig 3a overall SE,0.02443086819332482
Fig 3a Democrat estimate,-0.13458773122560638
Fig 3a Democrat SE,0.03188971787439481
Fig 3a Republican estimate,-0.07945455414621716
Fig 3a Republican SE,0.0427907955477575
Fig 3a Independent estimate,-0.02232945821452059
Fig 3a Independent SE,0.06177695945502964
